phase,epoch,loss,train_accuracy,test_accuracy,weight_norm,mean_retention,mechanism,seed
supervised,1,1.6329720343705894,0.7498144023756496,0.7333333333333333,9.171859481867296,0.5026717517333275,baseline,7
supervised,2,0.7805227033707479,0.8596881959910914,0.8288888888888889,9.363538690228358,0.5594547075303724,baseline,7
supervised,3,0.5328980568242604,0.896807720861173,0.8866666666666667,9.524215424863435,0.5693700959594727,baseline,7
supervised,4,0.38299297919318126,0.9294729027468448,0.9155555555555556,9.650082740140752,0.5697473054472875,baseline,7
supervised,5,0.3048438102118302,0.9354120267260579,0.9311111111111111,9.761354734396233,0.5679300926779267,baseline,7
supervised,6,0.25424284339564807,0.947290274684484,0.9311111111111111,9.857576891383841,0.5728789389620739,baseline,7
supervised,7,0.23521362976070434,0.9539717891610987,0.9444444444444444,9.938677147766867,0.5686157694683264,baseline,7
supervised,8,0.19493340380890595,0.96362286562732,0.9466666666666667,10.017390445073305,0.5726768996726743,baseline,7
supervised,9,0.18496606636756116,0.9658500371195249,0.94,10.090267866890958,0.5605847333570159,baseline,7
supervised,10,0.16223454270594495,0.9717891610987379,0.9533333333333334,10.15415075483614,0.5692741040055727,baseline,7
supervised,11,0.15388643137015767,0.9732739420935412,0.96,10.217283485705442,0.5973755491279163,baseline,7
supervised,12,0.14095960127811988,0.9740163325909429,0.9644444444444444,10.275346777772695,0.5723662675326971,baseline,7
supervised,13,0.12362495440668737,0.9784706755753526,0.9644444444444444,10.327593560487562,0.563227816212126,baseline,7
supervised,14,0.11366272813917276,0.9806978470675576,0.9622222222222222,10.3759681724946,0.5750007122717947,baseline,7
supervised,15,0.10710654766220991,0.9821826280623608,0.9622222222222222,10.422929412389715,0.5785530883393875,baseline,7
supervised,16,0.10345891394912762,0.9836674090571641,0.96,10.470416665064592,0.5692578709063645,baseline,7
supervised,17,0.09485217081756958,0.9851521900519673,0.96,10.512470328298168,0.5624295302165674,baseline,7
supervised,18,0.08949288981475984,0.985894580549369,0.96,10.55387480730633,0.5818078975371053,baseline,7
supervised,19,0.08923739075265472,0.9851521900519673,0.96,10.59705619036361,0.5754543836115961,baseline,7
supervised,20,0.08046926737240066,0.9873793615441723,0.96,10.634382061345665,0.5673658617222579,baseline,7
supervised,21,0.07531638789985048,0.9896065330363771,0.9644444444444444,10.670685324952759,0.5672164224338825,baseline,7
supervised,22,0.07359789047078696,0.9903489235337788,0.9622222222222222,10.707814628099607,0.590126761030808,baseline,7
supervised,23,0.06934987232214881,0.9903489235337788,0.96,10.743519980656709,0.5844804081054248,baseline,7
supervised,24,0.06524643729768954,0.9903489235337788,0.9644444444444444,10.77699501104759,0.5644629413982489,baseline,7
retention,0,,0.9903489235337788,0.9644444444444444,10.77699501104759,0.5644629413982489,baseline,7
retention,1,,0.9903489235337788,0.9644444444444444,10.77699501104759,0.5644629413982489,baseline,7
retention,5,,0.9903489235337788,0.9644444444444444,10.77699501104759,0.5644629413982489,baseline,7
retention,10,,0.9903489235337788,0.9644444444444444,10.77699501104759,0.5644629413982489,baseline,7
retention,30,,0.9903489235337788,0.9644444444444444,10.77699501104759,0.5644629413982489,baseline,7
task_a,1,1.5542338264251796,0.8711111111111111,0.8672566371681416,9.138261951806633,0.3058001732485426,baseline,7
task_a,2,0.4645412908403836,0.9392592592592592,0.911504424778761,9.22884155408783,0.4118346568452408,baseline,7
task_a,3,0.2835283301318912,0.9525925925925925,0.9336283185840708,9.292768344279436,0.4641423861044639,baseline,7
task_a,4,0.20453070917677357,0.9614814814814815,0.9424778761061947,9.34225662321735,0.4772176791633861,baseline,7
task_a,5,0.16575609903300279,0.9703703703703703,0.9513274336283186,9.38304389834334,0.4775522025007292,baseline,7
task_a,6,0.13373056779030737,0.9762962962962963,0.9690265486725663,9.419131387514991,0.4729046449350285,baseline,7
task_a,7,0.10977415971470778,0.9777777777777777,0.9690265486725663,9.451264648401638,0.469121658471336,baseline,7
task_a,8,0.09687642877820109,0.9777777777777777,0.9778761061946902,9.480162624173456,0.4760598085787968,baseline,7
task_a,9,0.08165953544433856,0.9851851851851852,0.9778761061946902,9.507427342445242,0.47334872664197075,baseline,7
task_a,10,0.0718634254796483,0.9881481481481481,0.9734513274336283,9.532510114421447,0.480297131672237,baseline,7
task_a,11,0.06634990459610156,0.9896296296296296,0.9778761061946902,9.556102423760013,0.4849980379501382,baseline,7
task_a,12,0.05709538443788096,0.9955555555555555,0.9867256637168141,9.577759209183977,0.46928645172289896,baseline,7
task_a,13,0.05213940999444457,0.9955555555555555,0.9867256637168141,9.598404372652915,0.4641881579693097,baseline,7
task_a,14,0.049230712093997535,0.997037037037037,0.9867256637168141,9.618454714512417,0.4708661914846929,baseline,7
task_a,15,0.04326648403005368,0.9985185185185185,0.9867256637168141,9.63704794143378,0.4717856434298322,baseline,7
task_a,16,0.042066567975114204,0.9985185185185185,0.9823008849557522,9.655297303903003,0.46460531551532164,baseline,7
task_b,1,2.368427164277359,0.6666666666666666,0.6651785714285714,9.533269703990445,0.4954971276493343,baseline,7
task_b,2,0.7401788640898389,0.8869047619047619,0.9017857142857143,9.611819845086716,0.49195615059094333,baseline,7
task_b,3,0.4024616756454739,0.9330357142857143,0.9508928571428571,9.684181079947768,0.48957994713703534,baseline,7
task_b,4,0.27314199562935343,0.9523809523809523,0.9598214285714286,9.74222667217242,0.4887030715579964,baseline,7
task_b,5,0.21475916805874717,0.9553571428571429,0.9642857142857143,9.790323856571922,0.4877751614916467,baseline,7
task_b,6,0.1728108919654819,0.9583333333333334,0.96875,9.831254055948579,0.48159098176310855,baseline,7
task_b,7,0.1447163280209217,0.96875,0.9732142857142857,9.866694736640243,0.4882854574040867,baseline,7
task_b,8,0.13054511869925645,0.9732142857142857,0.9732142857142857,9.898273058966206,0.49058958258576757,baseline,7
task_b,9,0.11523169518456623,0.9732142857142857,0.9732142857142857,9.926642852222699,0.4847536265149815,baseline,7
task_b,10,0.10727596750223123,0.9761904761904762,0.9732142857142857,9.952258229874616,0.4882478896534683,baseline,7
task_b,11,0.0956041887298607,0.9791666666666666,0.9732142857142857,9.976266052719515,0.4940546203369537,baseline,7
task_b,12,0.08773973317653479,0.9821428571428571,0.9732142857142857,9.99893706569179,0.48837917064237535,baseline,7
task_b,13,0.08296496746291625,0.9836309523809523,0.9732142857142857,10.020104264229188,0.4948406188756285,baseline,7
task_b,14,0.07646982984376842,0.9836309523809523,0.9732142857142857,10.039685396071734,0.4893270476979992,baseline,7
task_b,15,0.07139934301983891,0.9836309523809523,0.9732142857142857,10.058280904409594,0.48917789734992834,baseline,7
task_b,16,0.06658735840402236,0.9866071428571429,0.9776785714285714,10.076029987131708,0.49191413397578,baseline,7
supervised,1,1.565001112486983,0.7438752783964365,0.6977777777777778,8.946571574827068,0.4943496351965846,baseline,21
supervised,2,0.7761222871661363,0.858203414996288,0.8288888888888889,9.1610054603097,0.5501384306281273,baseline,21
supervised,3,0.49961962989773334,0.9086859688195991,0.8622222222222222,9.341252068040745,0.5590935444582265,baseline,21
supervised,4,0.371982583313981,0.9354120267260579,0.8911111111111111,9.490897955425392,0.5765101697236394,baseline,21
supervised,5,0.2981221979169291,0.9406087602078693,0.9,9.614462357942863,0.5843147764293374,baseline,21
supervised,6,0.24355926387265717,0.9524870081662955,0.9088888888888889,9.716662003925187,0.5749128641546895,baseline,21
supervised,7,0.23959114958618768,0.9517446176688938,0.9066666666666666,9.806627060419562,0.5862425960913097,baseline,21
supervised,8,0.22150184512391177,0.96362286562732,0.9244444444444444,9.888928496285502,0.5561486406781695,baseline,21
supervised,9,0.175172741940077,0.9665924276169265,0.9266666666666666,9.964589350939255,0.571805175863407,baseline,21
supervised,10,0.15406972515581088,0.9717891610987379,0.9311111111111111,10.030342291022809,0.5585071539796,baseline,21
supervised,11,0.14924027900287296,0.9688195991091314,0.9244444444444444,10.094822832083794,0.5641229543050504,baseline,21
supervised,12,0.13216052039205547,0.9784706755753526,0.9311111111111111,10.152195800862172,0.5829145951967882,baseline,21
supervised,13,0.12475717613954461,0.9747587230883444,0.9355555555555556,10.209358351344228,0.556921912210681,baseline,21
supervised,14,0.11031865312971134,0.9836674090571641,0.9444444444444444,10.258489122557666,0.5454075034809274,baseline,21
supervised,15,0.10218166402757967,0.9851521900519673,0.9466666666666667,10.305624653769787,0.5607341076953116,baseline,21
supervised,16,0.09581626766252395,0.9866369710467706,0.9422222222222222,10.350371056955268,0.5448331908174449,baseline,21
supervised,17,0.0911869432719819,0.9873793615441723,0.9422222222222222,10.393159376054971,0.5502925318082377,baseline,21
supervised,18,0.08486553119443065,0.9888641425389755,0.9422222222222222,10.433326337655133,0.5593559370181252,baseline,21
supervised,19,0.08807018541696028,0.9896065330363771,0.9422222222222222,10.477778075649216,0.5666687461505121,baseline,21
supervised,20,0.08174387783500266,0.9888641425389755,0.9444444444444444,10.51764263991556,0.5530992659114382,baseline,21
supervised,21,0.07588820499191053,0.9910913140311804,0.9466666666666667,10.555507198135,0.5572462293639464,baseline,21
supervised,22,0.07021464185574218,0.9910913140311804,0.9466666666666667,10.590866381625574,0.5547994675494328,baseline,21
supervised,23,0.08084424327043747,0.991833704528582,0.9422222222222222,10.63014615868456,0.5648291222999685,baseline,21
supervised,24,0.06518667835593181,0.991833704528582,0.9466666666666667,10.662748524303195,0.5646624125321535,baseline,21
retention,0,,0.991833704528582,0.9466666666666667,10.662748524303195,0.5646624125321535,baseline,21
retention,1,,0.991833704528582,0.9466666666666667,10.662748524303195,0.5646624125321535,baseline,21
retention,5,,0.991833704528582,0.9466666666666667,10.662748524303195,0.5646624125321535,baseline,21
retention,10,,0.991833704528582,0.9466666666666667,10.662748524303195,0.5646624125321535,baseline,21
retention,30,,0.991833704528582,0.9466666666666667,10.662748524303195,0.5646624125321535,baseline,21
task_a,1,1.423164506368417,0.88,0.827433628318584,8.893989178416161,0.3182973238670316,baseline,21
task_a,2,0.46394843670871116,0.9422222222222222,0.8938053097345132,8.993360014644919,0.4179648848940275,baseline,21
task_a,3,0.27044182218031376,0.9585185185185185,0.9380530973451328,9.06425831000653,0.464298964853273,baseline,21
task_a,4,0.19454002314022906,0.9703703703703703,0.9469026548672567,9.11951535675331,0.4751957180250157,baseline,21
task_a,5,0.1496330709844606,0.9792592592592593,0.9557522123893806,9.163809383314304,0.4781225535680793,baseline,21
task_a,6,0.12229063852586407,0.9851851851851852,0.9646017699115044,9.202055554882307,0.4743984816260706,baseline,21
task_a,7,0.10399162433975889,0.9896296296296296,0.9690265486725663,9.23524275045426,0.48192028193598674,baseline,21
task_a,8,0.08990033560434416,0.9896296296296296,0.9734513274336283,9.265217031079185,0.4853053549809338,baseline,21
task_a,9,0.0792122484001353,0.9925925925925926,0.9734513274336283,9.292047744400625,0.47240644053161385,baseline,21
task_a,10,0.0743606607754372,0.9940740740740741,0.9823008849557522,9.316728508109751,0.4806138596331727,baseline,21
task_a,11,0.06575698987395465,0.9940740740740741,0.9823008849557522,9.33975597880305,0.46363842108976894,baseline,21
task_a,12,0.058919231469250884,0.9940740740740741,0.9823008849557522,9.360700649013689,0.47570705078957926,baseline,21
task_a,13,0.0547254230810666,0.9955555555555555,0.9823008849557522,9.38050640515887,0.46631896613651924,baseline,21
task_a,14,0.051307787830627054,0.9955555555555555,0.9823008849557522,9.39875395751486,0.46162230260552334,baseline,21
task_a,15,0.04751756308013546,0.9955555555555555,0.9823008849557522,9.416376434705318,0.4619500504421195,baseline,21
task_a,16,0.0440790629561619,0.9955555555555555,0.9823008849557522,9.433041174164023,0.4577093203275519,baseline,21
task_b,1,2.2837387470569763,0.7455357142857143,0.7544642857142857,9.329455619780777,0.49949814631992584,baseline,21
task_b,2,0.68315103458896,0.90625,0.9241071428571429,9.42939469440321,0.5088363444928663,baseline,21
task_b,3,0.3761895525000162,0.9404761904761905,0.9375,9.511180095798645,0.5124281270744057,baseline,21
task_b,4,0.27326998722903945,0.9508928571428571,0.9508928571428571,9.57379099371167,0.5193202822921494,baseline,21
task_b,5,0.20941483146818493,0.9598214285714286,0.96875,9.624229819939575,0.5177553505699671,baseline,21
task_b,6,0.17404441805984056,0.9613095238095238,0.96875,9.668049725388016,0.5215771150472714,baseline,21
task_b,7,0.14984739545282616,0.9672619047619048,0.96875,9.705501139610485,0.5246411094707271,baseline,21
task_b,8,0.1380055016469202,0.9702380952380952,0.9732142857142857,9.738310951322285,0.5216841927672315,baseline,21
task_b,9,0.11517381036115108,0.9776785714285714,0.9732142857142857,9.768649107868113,0.5215411074563663,baseline,21
task_b,10,0.10515411160601747,0.9776785714285714,0.9732142857142857,9.796527430585513,0.5266896327443777,baseline,21
task_b,11,0.09983771582678007,0.9791666666666666,0.9732142857142857,9.822508423354627,0.5263183475121291,baseline,21
task_b,12,0.089700123635283,0.9821428571428571,0.9776785714285714,9.847452208372204,0.5357505126406109,baseline,21
task_b,13,0.08575389424721382,0.9836309523809523,0.9776785714285714,9.871021754349444,0.5351478426507476,baseline,21
task_b,14,0.0778802303452458,0.9851190476190477,0.9776785714285714,9.893080033490932,0.5035587930780728,baseline,21
task_b,15,0.07067477383094126,0.9866071428571429,0.9776785714285714,9.91351593339685,0.5081573081333728,baseline,21
task_b,16,0.0657170875635715,0.9866071428571429,0.9732142857142857,9.933003303478076,0.5029770706188026,baseline,21
supervised,1,2.0537762709505616,0.6592427616926503,0.6511111111111111,9.146079044411135,0.5301285968968481,baseline,42
supervised,2,0.9368844442828322,0.8322197475872308,0.8155555555555556,9.334948503687334,0.5707697274004122,baseline,42
supervised,3,0.5926425252951977,0.8878990348923533,0.8577777777777778,9.512408692419108,0.5627541939261018,baseline,42
supervised,4,0.48640986607424347,0.9101707498144024,0.8888888888888888,9.688542450752678,0.5632042528392456,baseline,42
supervised,5,0.3458224757045087,0.9324424647364514,0.9022222222222223,9.803143270041106,0.5382986807567318,baseline,42
supervised,6,0.2784608649898303,0.9435783221974758,0.9222222222222223,9.90369135693446,0.5619370798537905,baseline,42
supervised,7,0.23361045324932173,0.9510022271714922,0.9266666666666666,9.992151658266643,0.5462467195461814,baseline,42
supervised,8,0.2125175711562667,0.9524870081662955,0.9355555555555556,10.078688205581324,0.5380363527659326,baseline,42
supervised,9,0.18264517737921773,0.9651076466221232,0.9333333333333333,10.151504897791206,0.5283147335042162,baseline,42
supervised,10,0.17087692730364837,0.9628804751299184,0.9422222222222222,10.22214769606389,0.5497863493123962,baseline,42
supervised,11,0.14320435861396985,0.9710467706013363,0.9422222222222222,10.281774782328053,0.5205032507609405,baseline,42
supervised,12,0.1506865623895005,0.9703043801039347,0.9444444444444444,10.34318003285326,0.5665945520961382,baseline,42
supervised,13,0.1512674132311062,0.9755011135857461,0.94,10.399819809423283,0.5574088919915277,baseline,42
supervised,14,0.11456528422513709,0.9769858945805494,0.9488888888888889,10.455250810858418,0.5573457259470537,baseline,42
supervised,15,0.10265235229119528,0.9821826280623608,0.9533333333333334,10.505561067372957,0.529660129886181,baseline,42
supervised,16,0.09490521402460529,0.985894580549369,0.9555555555555556,10.553711123167755,0.5354283809043414,baseline,42
supervised,17,0.08721968662868308,0.9873793615441723,0.9555555555555556,10.598670964623013,0.5330437935709315,baseline,42
supervised,18,0.082156704838522,0.9888641425389755,0.9555555555555556,10.641426071338744,0.540859774140729,baseline,42
supervised,19,0.07871238072493297,0.9903489235337788,0.9555555555555556,10.684181774762267,0.5476610097924375,baseline,42
supervised,20,0.0818043557416595,0.9888641425389755,0.9533333333333334,10.727461608048868,0.5453103870378655,baseline,42
supervised,21,0.07016789824394995,0.9903489235337788,0.9577777777777777,10.765861670848745,0.531295757686,baseline,42
supervised,22,0.0675953907019121,0.991833704528582,0.9622222222222222,10.804863563129004,0.5480702126078352,baseline,42
supervised,23,0.06190184673181158,0.991833704528582,0.9622222222222222,10.839501423448773,0.5356390704066862,baseline,42
supervised,24,0.05937724380582947,0.9925760950259837,0.96,10.873963535594417,0.5183886238321787,baseline,42
retention,0,,0.9925760950259837,0.96,10.873963535594417,0.5183886238321787,baseline,42
retention,1,,0.9925760950259837,0.96,10.873963535594417,0.5183886238321787,baseline,42
retention,5,,0.9925760950259837,0.96,10.873963535594417,0.5183886238321787,baseline,42
retention,10,,0.9925760950259837,0.96,10.873963535594417,0.5183886238321787,baseline,42
retention,30,,0.9925760950259837,0.96,10.873963535594417,0.5183886238321787,baseline,42
task_a,1,1.907098161495859,0.8133333333333334,0.7743362831858407,9.18690860645423,0.34781564365210105,baseline,42
task_a,2,0.5649878052701741,0.9407407407407408,0.8893805309734514,9.276904294374464,0.4812133595087777,baseline,42
task_a,3,0.29674109145576805,0.9688888888888889,0.915929203539823,9.348486828570877,0.5237647269292168,baseline,42
task_a,4,0.20354123617324874,0.9718518518518519,0.9380530973451328,9.404568940490778,0.5343073040109168,baseline,42
task_a,5,0.15335091528535438,0.9762962962962963,0.9601769911504425,9.448977916846165,0.5491163959463176,baseline,42
task_a,6,0.12307210837314635,0.9807407407407407,0.9690265486725663,9.486870767579525,0.5368105941089099,baseline,42
task_a,7,0.1052196187455048,0.9851851851851852,0.9778761061946902,9.520200100978549,0.5399211139880886,baseline,42
task_a,8,0.0871053107969611,0.9896296296296296,0.9778761061946902,9.550184155957602,0.5429433061022737,baseline,42
task_a,9,0.07917021431950956,0.9911111111111112,0.9778761061946902,9.577608717268618,0.5177404222820224,baseline,42
task_a,10,0.06888391051794963,0.9940740740740741,0.9778761061946902,9.602967164736837,0.5177235116275913,baseline,42
task_a,11,0.06120877556855579,0.9955555555555555,0.9778761061946902,9.625647915552728,0.5246581524771214,baseline,42
task_a,12,0.054155900893126434,0.997037037037037,0.9778761061946902,9.646966693917163,0.5320695330518512,baseline,42
task_a,13,0.05161045146479843,0.997037037037037,0.9823008849557522,9.667391245301188,0.536821894923948,baseline,42
task_a,14,0.04322657168400286,0.9985185185185185,0.9823008849557522,9.685935302192643,0.5435681180533394,baseline,42
task_a,15,0.04083357913063139,0.9985185185185185,0.9823008849557522,9.703690192720831,0.5512113440933654,baseline,42
task_a,16,0.03649235109976134,1.0,0.9823008849557522,9.720363614797543,0.5415660089989133,baseline,42
task_b,1,3.1133832037655624,0.5758928571428571,0.5803571428571429,9.464470988261102,0.562468508455733,baseline,42
task_b,2,0.9047935125577845,0.8839285714285714,0.8705357142857143,9.547418299044558,0.5761805362237535,baseline,42
task_b,3,0.48585747104067745,0.9226190476190477,0.9017857142857143,9.63037625421275,0.564962186175038,baseline,42
task_b,4,0.31328013782177605,0.9494047619047619,0.9196428571428571,9.697480894415174,0.5609241855452962,baseline,42
task_b,5,0.22993921422219163,0.9613095238095238,0.9375,9.752562147309844,0.5431236909395455,baseline,42
task_b,6,0.18555335204311998,0.9702380952380952,0.9419642857142857,9.799460509712256,0.5444130233212474,baseline,42
task_b,7,0.15806484202891113,0.9747023809523809,0.9464285714285714,9.83982809358762,0.5465493420930555,baseline,42
task_b,8,0.13019162625217698,0.9747023809523809,0.9553571428571429,9.875936630026851,0.5290316888486024,baseline,42
task_b,9,0.11738808809395808,0.9776785714285714,0.9553571428571429,9.908414292793653,0.5321468153284439,baseline,42
task_b,10,0.10818848508176067,0.9776785714285714,0.9642857142857143,9.938491318605513,0.5381016629438848,baseline,42
task_b,11,0.0918683882032041,0.9806547619047619,0.96875,9.96557286639895,0.5353951122784777,baseline,42
task_b,12,0.08674968458820619,0.9836309523809523,0.9642857142857143,9.990624172441226,0.5403988017764612,baseline,42
task_b,13,0.07480902038387585,0.9866071428571429,0.96875,10.013825654364583,0.5467877220590852,baseline,42
task_b,14,0.07201052327937704,0.9866071428571429,0.96875,10.03578305233857,0.5386833444387251,baseline,42
task_b,15,0.06442721749472104,0.9880952380952381,0.9732142857142857,10.056677273938075,0.5278555602183845,baseline,42
task_b,16,0.06345880244216225,0.9895833333333334,0.9732142857142857,10.076082084737644,0.5292911583768668,baseline,42
supervised,1,1.685741162482921,0.7037861915367484,0.6711111111111111,9.31937889688584,0.5051018353279378,baseline,84
supervised,2,0.8516012184818872,0.8351893095768375,0.8177777777777778,9.49612916259419,0.5900564985101029,baseline,84
supervised,3,0.572714614557687,0.89086859688196,0.8622222222222222,9.650059458460085,0.5720222368880545,baseline,84
supervised,4,0.41642103711514994,0.9190794357832219,0.8933333333333333,9.7767213867248,0.5531272942238747,baseline,84
supervised,5,0.3211191710017632,0.9324424647364514,0.9111111111111111,9.886832709217225,0.5623493079054106,baseline,84
supervised,6,0.29434765834346394,0.9406087602078693,0.9088888888888889,9.99346898897467,0.5658051113971336,baseline,84
supervised,7,0.2375416215655532,0.949517446176689,0.9288888888888889,10.081079489866871,0.5740530008462841,baseline,84
supervised,8,0.20927694172278236,0.9502598366740905,0.9244444444444444,10.156775945969997,0.5667932505008941,baseline,84
supervised,9,0.1754819142627024,0.9591685226429102,0.9422222222222222,10.223666458034534,0.5528936463732181,baseline,84
supervised,10,0.17336664359987308,0.9628804751299184,0.9488888888888889,10.29276391542899,0.5566795511984935,baseline,84
supervised,11,0.14537574757136118,0.9673348181143281,0.9511111111111111,10.350747105516161,0.5640235618631906,baseline,84
supervised,12,0.1329582131284877,0.9717891610987379,0.9533333333333334,10.407157931769476,0.5466694733437328,baseline,84
supervised,13,0.12536782856728496,0.9732739420935412,0.9577777777777777,10.462112160179723,0.536707831628683,baseline,84
supervised,14,0.12170598214633528,0.977728285077951,0.9555555555555556,10.513462207426798,0.5629224170045481,baseline,84
supervised,15,0.10607278617860012,0.9784706755753526,0.96,10.55979287099092,0.5660222500027458,baseline,84
supervised,16,0.09774682158846444,0.9806978470675576,0.96,10.602495107886266,0.5515241936563274,baseline,84
supervised,17,0.09486488777089006,0.9836674090571641,0.96,10.646403295698025,0.5528096055672549,baseline,84
supervised,18,0.0921147199994205,0.9829250185597624,0.9644444444444444,10.689194390454968,0.5685000041875203,baseline,84
supervised,19,0.0829903701085402,0.985894580549369,0.9644444444444444,10.728014111109998,0.5595844088174045,baseline,84
supervised,20,0.07888691124306703,0.9873793615441723,0.9644444444444444,10.765889492148975,0.5540865114830755,baseline,84
supervised,21,0.0787358450431978,0.9873793615441723,0.9644444444444444,10.80444407421603,0.5586080428630413,baseline,84
supervised,22,0.07181264924748995,0.9881217520415738,0.9666666666666667,10.8405470325912,0.5507869574582134,baseline,84
supervised,23,0.0668786235771342,0.9881217520415738,0.9688888888888889,10.872766906347145,0.5561701351076459,baseline,84
supervised,24,0.06649461758252619,0.9888641425389755,0.9688888888888889,10.906928204390596,0.5570646047719502,baseline,84
retention,0,,0.9888641425389755,0.9688888888888889,10.906928204390596,0.5570646047719502,baseline,84
retention,1,,0.9888641425389755,0.9688888888888889,10.906928204390596,0.5570646047719502,baseline,84
retention,5,,0.9888641425389755,0.9688888888888889,10.906928204390596,0.5570646047719502,baseline,84
retention,10,,0.9888641425389755,0.9688888888888889,10.906928204390596,0.5570646047719502,baseline,84
retention,30,,0.9888641425389755,0.9688888888888889,10.906928204390596,0.5570646047719502,baseline,84
task_a,1,1.7560669851916528,0.802962962962963,0.7610619469026548,9.276669325142196,0.32044976608696396,baseline,84
task_a,2,0.6381518794551638,0.9407407407407408,0.8893805309734514,9.36190856569347,0.4346683446044458,baseline,84
task_a,3,0.33904783247581816,0.9540740740740741,0.9336283185840708,9.431247064277928,0.49568658373678987,baseline,84
task_a,4,0.22808785881820245,0.9718518518518519,0.9513274336283186,9.485908226772596,0.517481664717923,baseline,84
task_a,5,0.15835748971996227,0.9807407407407407,0.9557522123893806,9.531577319719831,0.5099277271024528,baseline,84
task_a,6,0.12471150737815223,0.9851851851851852,0.9601769911504425,9.570356044467262,0.5227986925545942,baseline,84
task_a,7,0.10451202858895972,0.9881481481481481,0.9690265486725663,9.604440156140052,0.5293616637034124,baseline,84
task_a,8,0.08890633846658541,0.9896296296296296,0.9690265486725663,9.634645746702008,0.5343464471765457,baseline,84
task_a,9,0.07740919382448269,0.9940740740740741,0.9734513274336283,9.662395865503678,0.5421244646559573,baseline,84
task_a,10,0.0682050253843181,0.9940740740740741,0.9734513274336283,9.687067025592821,0.5324607674983408,baseline,84
task_a,11,0.05949619007693001,0.9940740740740741,0.9734513274336283,9.710182953281238,0.5440220862170959,baseline,84
task_a,12,0.05574832151669718,0.997037037037037,0.9734513274336283,9.731865833123676,0.5424793267427547,baseline,84
task_a,13,0.04922889859485771,0.997037037037037,0.9734513274336283,9.751829651885085,0.5252721194982389,baseline,84
task_a,14,0.04333480815567702,0.997037037037037,0.9734513274336283,9.770443292215054,0.5173137911041388,baseline,84
task_a,15,0.04172788539113867,0.997037037037037,0.9778761061946902,9.78849365695632,0.5253241735571044,baseline,84
task_a,16,0.03686599836401934,0.9985185185185185,0.9778761061946902,9.805208618141963,0.527353816778397,baseline,84
task_b,1,2.3134245736053822,0.6666666666666666,0.6339285714285714,9.692486147253705,0.5624179165555306,baseline,84
task_b,2,0.736742336308011,0.8824404761904762,0.875,9.77293674293198,0.5473731218198361,baseline,84
task_b,3,0.4304405186567548,0.9196428571428571,0.90625,9.843206613405913,0.5285236068707728,baseline,84
task_b,4,0.30875375014206746,0.9255952380952381,0.9151785714285714,9.898730583523538,0.5220951261905948,baseline,84
task_b,5,0.24134027170134334,0.9449404761904762,0.9419642857142857,9.943530357283796,0.5203681685567647,baseline,84
task_b,6,0.20465840230013296,0.9523809523809523,0.9464285714285714,9.981000786630725,0.517583148076434,baseline,84
task_b,7,0.1713911597554936,0.9538690476190477,0.9419642857142857,10.01450755283417,0.5248746064187082,baseline,84
task_b,8,0.14886430323819277,0.9583333333333334,0.9508928571428571,10.044962381284993,0.5089346052764705,baseline,84
task_b,9,0.13316366279056313,0.9613095238095238,0.9508928571428571,10.072865027242816,0.499347543705117,baseline,84
task_b,10,0.12478968195036323,0.9672619047619048,0.9553571428571429,10.098316402115294,0.49930950654330775,baseline,84
task_b,11,0.10992926323739725,0.9747023809523809,0.9553571428571429,10.122847733095105,0.5003178204444152,baseline,84
task_b,12,0.09687746244592717,0.9776785714285714,0.9508928571428571,10.145220145895522,0.5009251776156003,baseline,84
task_b,13,0.09391400660267468,0.9776785714285714,0.9553571428571429,10.166309565552233,0.5049494690750662,baseline,84
task_b,14,0.08582176969510566,0.9836309523809523,0.9598214285714286,10.186220447136947,0.5096557135794084,baseline,84
task_b,15,0.08583839377879975,0.9851190476190477,0.96875,10.205430276308988,0.518170004536512,baseline,84
task_b,16,0.07225911823060617,0.9866071428571429,0.96875,10.224397566081185,0.5088450670774927,baseline,84
supervised,1,1.9845847580587803,0.6867112100965108,0.6733333333333333,9.157806569475449,0.48003677729018346,baseline,101
supervised,2,0.9064185332053136,0.8567186340014847,0.8377777777777777,9.370653901680091,0.5699021980855152,baseline,101
supervised,3,0.5630720278261226,0.9079435783221975,0.9044444444444445,9.563056919703346,0.5744086171654639,baseline,101
supervised,4,0.40868466410848403,0.9146250927988122,0.9088888888888889,9.715493693893306,0.5761547729534005,baseline,101
supervised,5,0.32329196983866565,0.9346696362286563,0.9444444444444444,9.841104561529214,0.561944600604155,baseline,101
supervised,6,0.2663711348893168,0.941351150705271,0.9488888888888889,9.946276798332551,0.5822242528133554,baseline,101
supervised,7,0.2250491737011627,0.949517446176689,0.9511111111111111,10.035636008222054,0.5713533084432563,baseline,101
supervised,8,0.20009170809070964,0.955456570155902,0.9533333333333334,10.117590074449609,0.5484976632766398,baseline,101
supervised,9,0.1806173228310085,0.9591685226429102,0.9533333333333334,10.190777706508126,0.566970653638275,baseline,101
supervised,10,0.15979820556955213,0.9643652561247216,0.9555555555555556,10.25611651097902,0.5615614377689576,baseline,101
supervised,11,0.1466267713809356,0.9665924276169265,0.9666666666666667,10.316859412330627,0.5482567934080157,baseline,101
supervised,12,0.1371955089677683,0.9695619896065331,0.9666666666666667,10.374849521656978,0.5688448773503645,baseline,101
supervised,13,0.12844825595794562,0.9717891610987379,0.9644444444444444,10.430172260493084,0.573365565752427,baseline,101
supervised,14,0.1926669857302599,0.9606533036377134,0.9577777777777777,10.473996192208054,0.5696006907330584,baseline,101
supervised,15,0.12351993079251397,0.9755011135857461,0.9688888888888889,10.525010725704199,0.5654265915822917,baseline,101
supervised,16,0.10708526188561485,0.9784706755753526,0.9644444444444444,10.573568029137405,0.5752635778889085,baseline,101
supervised,17,0.0998985934295037,0.9806978470675576,0.9688888888888889,10.619300629018118,0.5612242165398529,baseline,101
supervised,18,0.09464425841989206,0.9821826280623608,0.9711111111111111,10.663585386804526,0.5723173570402408,baseline,101
supervised,19,0.0883789742234698,0.9844097995545658,0.9755555555555555,10.705288421170204,0.553075248047162,baseline,101
supervised,20,0.08739527909782883,0.9844097995545658,0.9711111111111111,10.74830889082663,0.5776353329201435,baseline,101
supervised,21,0.07968618132127543,0.9881217520415738,0.9733333333333334,10.785916121275203,0.579842079112933,baseline,101
supervised,22,0.0775810590868685,0.9881217520415738,0.9777777777777777,10.823833285974791,0.5648249770858254,baseline,101
supervised,23,0.0722305636952811,0.9881217520415738,0.9755555555555555,10.859535571053234,0.5725617851388104,baseline,101
supervised,24,0.11269332232306803,0.9851521900519673,0.9688888888888889,10.88968043655999,0.5544707890743925,baseline,101
retention,0,,0.9851521900519673,0.9688888888888889,10.88968043655999,0.5544707890743925,baseline,101
retention,1,,0.9851521900519673,0.9688888888888889,10.88968043655999,0.5544707890743925,baseline,101
retention,5,,0.9851521900519673,0.9688888888888889,10.88968043655999,0.5544707890743925,baseline,101
retention,10,,0.9851521900519673,0.9688888888888889,10.88968043655999,0.5544707890743925,baseline,101
retention,30,,0.9851521900519673,0.9688888888888889,10.88968043655999,0.5544707890743925,baseline,101
task_a,1,1.9979051218543662,0.7837037037037037,0.7787610619469026,9.152874502315074,0.33654429239281825,baseline,101
task_a,2,0.6321785624499076,0.9259259259259259,0.8982300884955752,9.252406347522122,0.443284478005293,baseline,101
task_a,3,0.3274277612237244,0.96,0.9469026548672567,9.329573151333555,0.5055056106406735,baseline,101
task_a,4,0.21659022312926265,0.9703703703703703,0.9734513274336283,9.38881105202894,0.5123471377991097,baseline,101
task_a,5,0.15794783234193868,0.9792592592592593,0.9867256637168141,9.436373062453436,0.5033937163406575,baseline,101
task_a,6,0.1283754249961884,0.9837037037037037,0.9867256637168141,9.476793057564144,0.5120811606187246,baseline,101
task_a,7,0.10240107833108186,0.9866666666666667,0.9867256637168141,9.512968881530524,0.4942765429256277,baseline,101
task_a,8,0.08653449978388256,0.9925925925925926,0.9867256637168141,9.545169940371471,0.48993812797369185,baseline,101
task_a,9,0.07561087567021374,0.9925925925925926,0.9867256637168141,9.573791399481724,0.4976423875473145,baseline,101
task_a,10,0.06457205197147836,0.9940740740740741,0.9867256637168141,9.600229300030469,0.48941722837677143,baseline,101
task_a,11,0.05758484660999131,0.9955555555555555,0.9867256637168141,9.624804167332494,0.4847630561225735,baseline,101
task_a,12,0.05132168038756713,0.9955555555555555,0.9867256637168141,9.647390404801692,0.48734585027202604,baseline,101
task_a,13,0.048811878787730995,0.9955555555555555,0.9867256637168141,9.668616142218506,0.4827956263216764,baseline,101
task_a,14,0.04162196221193595,0.9955555555555555,0.9867256637168141,9.687876388798227,0.4798999761505557,baseline,101
task_a,15,0.037688366728120974,0.9955555555555555,0.9911504424778761,9.705948316578604,0.48642799057345804,baseline,101
task_a,16,0.03503042291311133,0.997037037037037,0.9911504424778761,9.722890020406052,0.4863099323098985,baseline,101
task_b,1,2.7583952365848967,0.7053571428571429,0.65625,9.543112984201032,0.5394849609105974,baseline,101
task_b,2,0.7690734580638271,0.9107142857142857,0.90625,9.643335118728999,0.5416909716245795,baseline,101
task_b,3,0.4068143888083755,0.9449404761904762,0.9375,9.727720550081012,0.5489491389659895,baseline,101
task_b,4,0.28560231312901385,0.9553571428571429,0.9419642857142857,9.791931282590781,0.5513613195143451,baseline,101
task_b,5,0.2237602894469284,0.9598214285714286,0.9419642857142857,9.842459587630866,0.558317253081478,baseline,101
task_b,6,0.18528030645805263,0.96875,0.9464285714285714,9.8859300598511,0.5632794482743618,baseline,101
task_b,7,0.160770152254998,0.9717261904761905,0.9508928571428571,9.923762019720249,0.5470216965155011,baseline,101
task_b,8,0.14006043198330514,0.9747023809523809,0.9553571428571429,9.956679482406265,0.5514391178838003,baseline,101
task_b,9,0.12806699205114397,0.9761904761904762,0.9598214285714286,9.986341663978939,0.5633124821385179,baseline,101
task_b,10,0.11653779257665396,0.9761904761904762,0.9642857142857143,10.014478662791984,0.5577713406963214,baseline,101
task_b,11,0.10444610057621304,0.9761904761904762,0.96875,10.040827215553815,0.5747955829973038,baseline,101
task_b,12,0.09802564279921486,0.9791666666666666,0.9776785714285714,10.065711245817965,0.5511354957884425,baseline,101
task_b,13,0.08892957479764899,0.9821428571428571,0.9776785714285714,10.088684818657455,0.5606223945892421,baseline,101
task_b,14,0.08270042310460192,0.9821428571428571,0.9776785714285714,10.109939598879151,0.5650774226778552,baseline,101
task_b,15,0.08129245811284887,0.9821428571428571,0.9776785714285714,10.131204208804576,0.5643345913399005,baseline,101
task_b,16,0.07286131566201025,0.9836309523809523,0.9776785714285714,10.151268792818408,0.558497420578054,baseline,101
supervised,1,1.6560989209207384,0.746844840386043,0.7377777777777778,8.409560681168674,0.5015782687763973,passive,7
supervised,2,0.8688298351595459,0.8552338530066815,0.8288888888888889,7.928855178453363,0.559133373717408,passive,7
supervised,3,0.6506066924735953,0.8930957683741648,0.8844444444444445,7.505040664813501,0.5624286038193651,passive,7
supervised,4,0.5162905850878359,0.9213066072754269,0.9177777777777778,7.113504342277464,0.5621131240327527,passive,7
supervised,5,0.4574400174994102,0.9309576837416481,0.9266666666666666,6.771124555596568,0.5555210297430088,passive,7
supervised,6,0.42760716462295517,0.9361544172234595,0.9244444444444444,6.475930954077188,0.5551060654756539,passive,7
supervised,7,0.4129150944210421,0.947290274684484,0.94,6.1934972179189,0.5443194176985378,passive,7
supervised,8,0.38586943942155505,0.9480326651818857,0.94,5.964199481682571,0.5573906898060412,passive,7
supervised,9,0.38874158677587084,0.9524870081662955,0.9355555555555556,5.755474056757989,0.541276699835751,passive,7
supervised,10,0.3658326849878343,0.9532293986636972,0.9511111111111111,5.579507853708283,0.5353534469703255,passive,7
supervised,11,0.3688758516287425,0.9539717891610987,0.9444444444444444,5.442095717328799,0.5664718070435888,passive,7
supervised,12,0.358909988852079,0.9621380846325167,0.9444444444444444,5.318192745157243,0.5450828967367511,passive,7
supervised,13,0.34683204025432784,0.9576837416481069,0.9555555555555556,5.207990000312025,0.5359946964675097,passive,7
supervised,14,0.3389552862596228,0.961395694135115,0.9533333333333334,5.109599808343903,0.5230767920040795,passive,7
supervised,15,0.33919868582465007,0.96362286562732,0.9533333333333334,5.024591356825114,0.5299975684983735,passive,7
supervised,16,0.3344346698306927,0.9651076466221232,0.9555555555555556,4.9541496283739335,0.5175526245430899,passive,7
supervised,17,0.3338141493982436,0.9547141796585004,0.9511111111111111,4.89101378315234,0.5048123185684128,passive,7
supervised,18,0.336539488217153,0.9621380846325167,0.9533333333333334,4.84476583645897,0.5201551312797054,passive,7
supervised,19,0.34320712946740956,0.955456570155902,0.9466666666666667,4.809207791233356,0.5218380511454372,passive,7
supervised,20,0.33575616235080596,0.9643652561247216,0.9533333333333334,4.759371585360575,0.5093336827167589,passive,7
supervised,21,0.3222180045545452,0.96362286562732,0.96,4.730307859140531,0.5097734416904813,passive,7
supervised,22,0.3290717440548072,0.9651076466221232,0.9511111111111111,4.7100949786562385,0.5133666790039024,passive,7
supervised,23,0.3231411810019819,0.9658500371195249,0.96,4.697825700937738,0.5177281691485882,passive,7
supervised,24,0.31565262521998017,0.96362286562732,0.9622222222222222,4.673801409053884,0.506461329152102,passive,7
retention,0,,0.96362286562732,0.9622222222222222,4.673801409053884,0.506461329152102,passive,7
retention,1,,0.96362286562732,0.96,4.628376513470274,0.506461329152102,passive,7
retention,5,,0.9651076466221232,0.9533333333333334,4.510741270739623,0.506461329152102,passive,7
retention,10,,0.9658500371195249,0.9511111111111111,4.309140955348155,0.506461329152102,passive,7
retention,30,,0.9643652561247216,0.9488888888888889,3.800137193470736,0.506461329152102,passive,7
task_a,1,1.5622574914471636,0.8696296296296296,0.8761061946902655,8.751755881312294,0.305323192456292,passive,7
task_a,2,0.5009854599673151,0.9422222222222222,0.915929203539823,8.479474190896127,0.4104734210619852,passive,7
task_a,3,0.3230134828793892,0.9540740740740741,0.9336283185840708,8.202601302425247,0.46078932033223685,passive,7
task_a,4,0.2488171201902584,0.9585185185185185,0.9380530973451328,7.9194543077244575,0.4739919075031489,passive,7
task_a,5,0.21372107282411515,0.9674074074074074,0.9513274336283186,7.651535095143467,0.4732359141665806,passive,7
task_a,6,0.1882358757372134,0.9688888888888889,0.9646017699115044,7.3944014564898115,0.46882294614283504,passive,7
task_a,7,0.1688887435327186,0.9748148148148148,0.9646017699115044,7.143753697300497,0.464319897830056,passive,7
task_a,8,0.16155118786061023,0.9777777777777777,0.9734513274336283,6.91088031988016,0.4700542074650067,passive,7
task_a,9,0.1509886792506775,0.9807407407407407,0.9734513274336283,6.689302633829711,0.46460142295608176,passive,7
task_a,10,0.14366851945010428,0.9822222222222222,0.9734513274336283,6.4721863702954385,0.468493856096458,passive,7
task_a,11,0.14227953351414638,0.9822222222222222,0.9778761061946902,6.273574150584113,0.4710422822072457,passive,7
task_a,12,0.13511395560434136,0.9837037037037037,0.9778761061946902,6.079442748004237,0.4597082780350213,passive,7
task_a,13,0.13342436783758968,0.9837037037037037,0.9823008849557522,5.897504751073804,0.44678692209399007,passive,7
task_a,14,0.1356573002055096,0.9837037037037037,0.9823008849557522,5.729822256862105,0.4497469879078695,passive,7
task_a,15,0.12948858046137024,0.9866666666666667,0.9823008849557522,5.572004006762859,0.45121399758342595,passive,7
task_a,16,0.1315945258428562,0.9881481481481481,0.9823008849557522,5.423244993763265,0.44343285063617377,passive,7
task_b,1,2.553884771040161,0.39732142857142855,0.38392857142857145,5.076656862732475,0.48424791294203184,passive,7
task_b,2,1.4222928393282008,0.8020833333333334,0.7946428571428571,5.057671646301952,0.49035870178292795,passive,7
task_b,3,0.832738883607036,0.8913690476190477,0.90625,5.076668759771898,0.4805449321750041,passive,7
task_b,4,0.5487617891201779,0.9389880952380952,0.9508928571428571,5.054248341289103,0.4700203873263823,passive,7
task_b,5,0.4015413066738907,0.9494047619047619,0.9508928571428571,4.999250909976666,0.46386983949394606,passive,7
task_b,6,0.31619650811702665,0.9568452380952381,0.9553571428571429,4.944461198243695,0.4616110425557869,passive,7
task_b,7,0.2620875240976067,0.9598214285714286,0.9598214285714286,4.881138028609376,0.47238399141010673,passive,7
task_b,8,0.23613142113156205,0.9657738095238095,0.9598214285714286,4.812715376246166,0.4779157923690154,passive,7
task_b,9,0.2128816385045007,0.9672619047619048,0.9598214285714286,4.739135912297342,0.4742911468484208,passive,7
task_b,10,0.2009105346376881,0.9702380952380952,0.9598214285714286,4.661553848863264,0.4776610501519492,passive,7
task_b,11,0.1877402248533186,0.9717261904761905,0.9642857142857143,4.588431347396962,0.4806866667508234,passive,7
task_b,12,0.18053094568399441,0.9761904761904762,0.9642857142857143,4.518782071766356,0.486347470887684,passive,7
task_b,13,0.1751438730696753,0.9791666666666666,0.9642857142857143,4.447164676052645,0.5009951114847313,passive,7
task_b,14,0.16853312186269134,0.9806547619047619,0.9642857142857143,4.3726795019807065,0.4988953215328732,passive,7
task_b,15,0.16557935395196702,0.9821428571428571,0.9642857142857143,4.309569430560716,0.4965867804049932,passive,7
task_b,16,0.1603136501728019,0.9821428571428571,0.9642857142857143,4.254279142501932,0.4916636960957453,passive,7
supervised,1,1.5928124170678062,0.7416481069042317,0.6955555555555556,8.203905651364169,0.49392225109068527,passive,21
supervised,2,0.874331206823907,0.8537490720118782,0.8355555555555556,7.760133375715284,0.5458397233184469,passive,21
supervised,3,0.6360334754522072,0.9049740163325909,0.8688888888888889,7.373333173895727,0.5560096434691297,passive,21
supervised,4,0.5236113757552975,0.9309576837416481,0.8977777777777778,7.014054776638435,0.5674097652028998,passive,21
supervised,5,0.46026490954915594,0.9346696362286563,0.9088888888888889,6.692553767256825,0.5712636837717846,passive,21
supervised,6,0.41331823908823817,0.9420935412026726,0.92,6.4076119606250765,0.5625212239513578,passive,21
supervised,7,0.41209630754000465,0.9517446176688938,0.9244444444444444,6.146584614090619,0.5757959176532597,passive,21
supervised,8,0.41006307862301994,0.9621380846325167,0.9266666666666666,5.914799335107214,0.5440095754441419,passive,21
supervised,9,0.36508087769227887,0.9539717891610987,0.9333333333333333,5.725455851718249,0.5536864880356618,passive,21
supervised,10,0.348868836981726,0.9539717891610987,0.9311111111111111,5.551371244061501,0.5402710957630004,passive,21
supervised,11,0.35448850115304614,0.9532293986636972,0.9266666666666666,5.39767558072788,0.5447100746626443,passive,21
supervised,12,0.34209433271476586,0.9643652561247216,0.9377777777777778,5.2796423738958325,0.5625212528999151,passive,21
supervised,13,0.3404790850102033,0.955456570155902,0.9288888888888889,5.174301607843639,0.5313413548171193,passive,21
supervised,14,0.32592881461253836,0.9628804751299184,0.9333333333333333,5.0701689569182715,0.5255304863717691,passive,21
supervised,15,0.3238358746851467,0.9599109131403119,0.9288888888888889,5.004601560223884,0.5463313786684267,passive,21
supervised,16,0.31368486775139554,0.961395694135115,0.9444444444444444,4.923006906437436,0.5258338140928863,passive,21
supervised,17,0.3190784752297817,0.9665924276169265,0.9377777777777778,4.865927794323714,0.543147163059889,passive,21
supervised,18,0.3169154090017658,0.9651076466221232,0.9422222222222222,4.823286927031223,0.5444403353711833,passive,21
supervised,19,0.34069270677096125,0.9658500371195249,0.9466666666666667,4.786131129135668,0.5371595395385429,passive,21
supervised,20,0.32245515781252654,0.9717891610987379,0.9488888888888889,4.7525871293345086,0.527050462298894,passive,21
supervised,21,0.3117430522072349,0.9695619896065331,0.9444444444444444,4.72090299901553,0.5246989418464343,passive,21
supervised,22,0.30879132210086724,0.9710467706013363,0.9444444444444444,4.692356612654938,0.5299388201426214,passive,21
supervised,23,0.32916161853621434,0.9717891610987379,0.9444444444444444,4.679681690436512,0.5455042142506843,passive,21
supervised,24,0.3010320006598264,0.9703043801039347,0.9422222222222222,4.64513387470013,0.5347256155550079,passive,21
retention,0,,0.9703043801039347,0.9422222222222222,4.64513387470013,0.5347256155550079,passive,21
retention,1,,0.9703043801039347,0.9422222222222222,4.589759536217906,0.5347256155550079,passive,21
retention,5,,0.9703043801039347,0.9422222222222222,4.463204802694035,0.5347256155550079,passive,21
retention,10,,0.9703043801039347,0.9422222222222222,4.2543351853761635,0.5347256155550079,passive,21
retention,30,,0.9740163325909429,0.9377777777777778,3.7435783200670505,0.5347256155550079,passive,21
task_a,1,1.4370245181778762,0.8814814814814815,0.827433628318584,8.518205735464894,0.3178548282487345,passive,21
task_a,2,0.5039570124722759,0.9407407407407408,0.8982300884955752,8.26199017418859,0.41604804244152976,passive,21
task_a,3,0.31487432774327057,0.96,0.9380530973451328,7.987796558570294,0.4597435634437391,passive,21
task_a,4,0.24306575208894488,0.9733333333333334,0.9557522123893806,7.721761032961436,0.46622700926463995,passive,21
task_a,5,0.2011191340953224,0.9792592592592593,0.9557522123893806,7.459772520512017,0.46662545580232234,passive,21
task_a,6,0.1777113515326579,0.9851851851851852,0.9646017699115044,7.197236830937044,0.4607784078144982,passive,21
task_a,7,0.16341347826881322,0.9881481481481481,0.9690265486725663,6.954479566208538,0.4658092938466916,passive,21
task_a,8,0.15250452596787917,0.9881481481481481,0.9734513274336283,6.711879405028829,0.46665954223763106,passive,21
task_a,9,0.14485203453080253,0.9925925925925926,0.9778761061946902,6.460445816756617,0.45119554228656894,passive,21
task_a,10,0.1425949436433774,0.9925925925925926,0.9778761061946902,6.236106083309902,0.45558372584485973,passive,21
task_a,11,0.1369760401712175,0.9925925925925926,0.9778761061946902,6.0096453912328,0.4355104504964435,passive,21
task_a,12,0.13227545567117005,0.9925925925925926,0.9823008849557522,5.79794073557547,0.4420156367710818,passive,21
task_a,13,0.1301323749452015,0.9925925925925926,0.9778761061946902,5.619845469906583,0.4295662920266149,passive,21
task_a,14,0.1300069833173206,0.9925925925925926,0.9823008849557522,5.4359816419966664,0.4185333606929724,passive,21
task_a,15,0.12779551989585583,0.9925925925925926,0.9823008849557522,5.283958115526545,0.4168045377866142,passive,21
task_a,16,0.1266339588398153,0.9925925925925926,0.9823008849557522,5.130840384333103,0.4095733691132455,passive,21
task_b,1,2.5797827018899624,0.23660714285714285,0.21428571428571427,4.768418661524457,0.43787541587400614,passive,21
task_b,2,1.5580106927562114,0.8407738095238095,0.8392857142857143,4.744697892895089,0.44194703990308026,passive,21
task_b,3,0.9219240702670946,0.9166666666666666,0.8973214285714286,4.801431821848327,0.4285310028307091,passive,21
task_b,4,0.585539817205505,0.9345238095238095,0.9285714285714286,4.8127805521253,0.4290395244916684,passive,21
task_b,5,0.4143306375376652,0.9479166666666666,0.9464285714285714,4.763722780935632,0.41670128584856164,passive,21
task_b,6,0.32459441811319023,0.9583333333333334,0.9464285714285714,4.702512003259881,0.4145199604364592,passive,21
task_b,7,0.2726810470660582,0.9627976190476191,0.9508928571428571,4.629296752472229,0.4092892601612602,passive,21
task_b,8,0.24592599124165518,0.9717261904761905,0.9508928571428571,4.548796484765496,0.4125366753669055,passive,21
task_b,9,0.21664013999905588,0.9702380952380952,0.9553571428571429,4.489445180953058,0.40452525691876756,passive,21
task_b,10,0.20149500106691487,0.9717261904761905,0.9598214285714286,4.407954654007738,0.40217503806954463,passive,21
task_b,11,0.19453096268189496,0.9732142857142857,0.9598214285714286,4.348222004255295,0.40089643301627487,passive,21
task_b,12,0.18714900731706788,0.9747023809523809,0.9598214285714286,4.297649081465984,0.40423416173982035,passive,21
task_b,13,0.1814179543895027,0.9761904761904762,0.9598214285714286,4.248192492741285,0.4041312235446323,passive,21
task_b,14,0.17338840423582905,0.9806547619047619,0.9598214285714286,4.199172547438687,0.3910863198470177,passive,21
task_b,15,0.1674532967073072,0.9806547619047619,0.9598214285714286,4.151708925732462,0.3870636405361426,passive,21
task_b,16,0.16393825783582788,0.9806547619047619,0.9598214285714286,4.1068397804928525,0.3945613901604986,passive,21
supervised,1,2.0598420460843183,0.6555308092056422,0.6511111111111111,8.38372418879621,0.529429032428769,passive,42
supervised,2,1.0275216101943245,0.8277654046028211,0.8155555555555556,7.899329920792234,0.5664300336539713,passive,42
supervised,3,0.728134923753634,0.8804751299183371,0.8533333333333334,7.484523600943489,0.5552977966484611,passive,42
supervised,4,0.6189123098605497,0.9138827023014106,0.8911111111111111,7.145034292537912,0.5542965103822921,passive,42
supervised,5,0.49106266386214553,0.9272457312546399,0.8955555555555555,6.7968864926266725,0.528807570897937,passive,42
supervised,6,0.4398559534272193,0.9317000742390498,0.9066666666666666,6.5030966681858935,0.5481661090068446,passive,42
supervised,7,0.4050764268801066,0.9435783221974758,0.92,6.232063456274684,0.5303319571457725,passive,42
supervised,8,0.3926634801087612,0.9391239792130661,0.9311111111111111,5.9995321040656275,0.5177527980357215,passive,42
supervised,9,0.3714976872462627,0.949517446176689,0.9333333333333333,5.78093797283788,0.5067074044351441,passive,42
supervised,10,0.36962352799740344,0.9510022271714922,0.9266666666666666,5.595423032136655,0.5214051968639944,passive,42
supervised,11,0.34564508734960103,0.9561989606533037,0.9355555555555556,5.433932568802971,0.4980631415200212,passive,42
supervised,12,0.38394543347957827,0.955456570155902,0.9333333333333333,5.303952369776646,0.5382726126560347,passive,42
supervised,13,0.3693290392017046,0.9599109131403119,0.9333333333333333,5.209978134224972,0.5403409472310887,passive,42
supervised,14,0.33574122581304616,0.9569413511507052,0.9377777777777778,5.1288546299340805,0.5279024088646158,passive,42
supervised,15,0.3270523858214427,0.9643652561247216,0.9422222222222222,5.040559173289438,0.5072639722554766,passive,42
supervised,16,0.3224763662259732,0.9651076466221232,0.9533333333333334,4.96670897905787,0.5011950310502358,passive,42
supervised,17,0.31596794880945556,0.9643652561247216,0.9422222222222222,4.894717918940644,0.510480804907584,passive,42
supervised,18,0.3167929694961974,0.9658500371195249,0.9511111111111111,4.838843959919715,0.5121957992313724,passive,42
supervised,19,0.32384982092688425,0.9651076466221232,0.9555555555555556,4.802994560781584,0.5194346693037446,passive,42
supervised,20,0.32722757222112714,0.9599109131403119,0.9422222222222222,4.765179496598523,0.5167351276863374,passive,42
supervised,21,0.31213962827125097,0.9658500371195249,0.9533333333333334,4.721954049882356,0.4989636781553756,passive,42
supervised,22,0.3241627652807196,0.96362286562732,0.94,4.701143028503734,0.5161359072742789,passive,42
supervised,23,0.30981883342359173,0.9651076466221232,0.9444444444444444,4.674671597586554,0.5163549531273858,passive,42
supervised,24,0.3129364128017003,0.9665924276169265,0.9422222222222222,4.652643608942524,0.4912859497651352,passive,42
retention,0,,0.9665924276169265,0.9422222222222222,4.652643608942524,0.4912859497651352,passive,42
retention,1,,0.9665924276169265,0.9422222222222222,4.600774849822174,0.4912859497651352,passive,42
retention,5,,0.9658500371195249,0.9422222222222222,4.477409304541666,0.4912859497651352,passive,42
retention,10,,0.9658500371195249,0.9422222222222222,4.271201065113594,0.4912859497651352,passive,42
retention,30,,0.9665924276169265,0.9466666666666667,3.7613428588337015,0.4912859497651352,passive,42
task_a,1,1.9120204118958066,0.8103703703703704,0.7699115044247787,8.797906001584568,0.3476789738621435,passive,42
task_a,2,0.6026226392015492,0.9392592592592592,0.8893805309734514,8.524224366894394,0.4791766182781983,passive,42
task_a,3,0.3426984526631815,0.9629629629629629,0.911504424778761,8.252462799913568,0.5199476929045082,passive,42
task_a,4,0.25236223727308477,0.9718518518518519,0.9424778761061947,7.982175994067497,0.5291350254028333,passive,42
task_a,5,0.20349111685955312,0.9762962962962963,0.9601769911504425,7.71591943155518,0.5384430754482158,passive,42
task_a,6,0.17763365037768675,0.9822222222222222,0.9690265486725663,7.459234317936216,0.5257935766678833,passive,42
task_a,7,0.16384184637077615,0.9881481481481481,0.9734513274336283,7.212797303994504,0.5245858608675456,passive,42
task_a,8,0.1491549259302053,0.9925925925925926,0.9734513274336283,6.97579209059628,0.5230708649849678,passive,42
task_a,9,0.14492394346770948,0.9925925925925926,0.9778761061946902,6.751414948107209,0.4978230981335909,passive,42
task_a,10,0.1382387561358334,0.9940740740740741,0.9823008849557522,6.538146140548266,0.49464088004432033,passive,42
task_a,11,0.13264889848314396,0.9940740740740741,0.9823008849557522,6.334903806747995,0.5010504118031949,passive,42
task_a,12,0.1284180804879471,0.9940740740740741,0.9823008849557522,6.143594929308323,0.5089379595119858,passive,42
task_a,13,0.12863474015312548,0.9940740740740741,0.9823008849557522,5.962997953535912,0.5118579891508035,passive,42
task_a,14,0.1222546342747942,0.9940740740740741,0.9823008849557522,5.792504669246892,0.5120550033288849,passive,42
task_a,15,0.12272249770934975,0.9955555555555555,0.9823008849557522,5.6313080338267145,0.5222275003970509,passive,42
task_a,16,0.1198204277204674,0.9955555555555555,0.9823008849557522,5.481238570773421,0.5112904801210868,passive,42
task_b,1,2.779958845931165,0.25744047619047616,0.24107142857142858,5.047377701116404,0.536350150791013,passive,42
task_b,2,1.6200325613859545,0.7916666666666666,0.8214285714285714,4.9920472712257915,0.5441221358177208,passive,42
task_b,3,0.9775075473807725,0.90625,0.8973214285714286,5.0169262499933085,0.5122598873632592,passive,42
task_b,4,0.6192183074045022,0.9270833333333334,0.9107142857142857,5.024861345350445,0.4918727531073252,passive,42
task_b,5,0.42784072461472744,0.9419642857142857,0.9241071428571429,5.000226412976622,0.47502006282576464,passive,42
task_b,6,0.3332926880668508,0.9508928571428571,0.9285714285714286,4.9537982475004485,0.4725154093510645,passive,42
task_b,7,0.2816782506029323,0.9583333333333334,0.9464285714285714,4.891277697057324,0.47600387832037505,passive,42
task_b,8,0.2408193830480347,0.9613095238095238,0.9464285714285714,4.818345700000357,0.46252163335334173,passive,42
task_b,9,0.2244099663178626,0.9657738095238095,0.9598214285714286,4.732715185691786,0.46534039304376373,passive,42
task_b,10,0.21246604287950613,0.96875,0.9642857142857143,4.646059909141269,0.4661332849862136,passive,42
task_b,11,0.1919297365551574,0.9747023809523809,0.96875,4.575170941232455,0.45882272293448,passive,42
task_b,12,0.18569442405888872,0.9747023809523809,0.9642857142857143,4.505045087266498,0.46665212421634317,passive,42
task_b,13,0.17467719760587538,0.9747023809523809,0.9642857142857143,4.439295523840055,0.46726380696038305,passive,42
task_b,14,0.17373650969904897,0.9747023809523809,0.96875,4.375634312762494,0.46155806286363305,passive,42
task_b,15,0.16745482516711696,0.9761904761904762,0.9732142857142857,4.317873545036913,0.45125317582662566,passive,42
task_b,16,0.16492611225776527,0.9761904761904762,0.9732142857142857,4.260719013246863,0.4537229003996762,passive,42
supervised,1,1.7039033456357535,0.7008166295471417,0.66,8.543827048700955,0.5046420141847107,passive,84
supervised,2,0.9435986275280484,0.8344469190794358,0.8177777777777778,8.04549201807897,0.5865046822797335,passive,84
supervised,3,0.6844767510776163,0.8893838158871566,0.8666666666666667,7.6093370830520906,0.5640232058756034,passive,84
supervised,4,0.548146412783651,0.9190794357832219,0.8977777777777778,7.205030064987555,0.5408000695615836,passive,84
supervised,5,0.4686092574838617,0.9302152932442465,0.9044444444444445,6.853624793856695,0.5542762294874477,passive,84
supervised,6,0.4606757738852027,0.9398663697104677,0.9155555555555556,6.552551910340772,0.5499693831299012,passive,84
supervised,7,0.40506249458790644,0.9406087602078693,0.9288888888888889,6.276243574724969,0.5507873196214832,passive,84
supervised,8,0.3797824062560999,0.9443207126948775,0.9133333333333333,6.0228911274493,0.5434246611651832,passive,84
supervised,9,0.3556633669372225,0.9532293986636972,0.9311111111111111,5.8008355474106885,0.5306122238126431,passive,84
supervised,10,0.3691999606532254,0.9561989606533037,0.9266666666666666,5.627688032958475,0.5327307520692532,passive,84
supervised,11,0.3401883105253096,0.9569413511507052,0.9288888888888889,5.468972827109614,0.5440140954385748,passive,84
supervised,12,0.33592519536365845,0.9584261321455085,0.9333333333333333,5.326301881216365,0.5188948762236174,passive,84
supervised,13,0.3414760543668196,0.9547141796585004,0.9422222222222222,5.224090424988687,0.508946799836215,passive,84
supervised,14,0.33409947231534765,0.9606533036377134,0.9422222222222222,5.125589066355721,0.5345310404526259,passive,84
supervised,15,0.320531285350223,0.9651076466221232,0.9377777777777778,5.030812257561783,0.5261225657710991,passive,84
supervised,16,0.31450819909806144,0.96362286562732,0.9444444444444444,4.938363945119629,0.5159633078900251,passive,84
supervised,17,0.3249723420129363,0.9591685226429102,0.9422222222222222,4.885288590061669,0.5154555574691333,passive,84
supervised,18,0.32772427678862204,0.9621380846325167,0.94,4.841053865026156,0.5302586541986494,passive,84
supervised,19,0.32062543932194393,0.9621380846325167,0.9422222222222222,4.800921182457071,0.5277438553585105,passive,84
supervised,20,0.3149980343862331,0.9628804751299184,0.9466666666666667,4.762390530739474,0.5131120546347556,passive,84
supervised,21,0.32742458932192925,0.96362286562732,0.9488888888888889,4.732542984073676,0.5218864377589465,passive,84
supervised,22,0.31484917835720566,0.9591685226429102,0.9511111111111111,4.710420285172503,0.505396587409848,passive,84
supervised,23,0.3044129123441741,0.96362286562732,0.9555555555555556,4.673552833540942,0.5023283905016949,passive,84
supervised,24,0.3150894086316691,0.9658500371195249,0.9422222222222222,4.659411328889257,0.5050605636710896,passive,84
retention,0,,0.9658500371195249,0.9422222222222222,4.659411328889257,0.5050605636710896,passive,84
retention,1,,0.9651076466221232,0.9422222222222222,4.617885655713193,0.5050605636710896,passive,84
retention,5,,0.9651076466221232,0.9422222222222222,4.5041451806023245,0.5050605636710896,passive,84
retention,10,,0.9651076466221232,0.9466666666666667,4.306271615894085,0.5050605636710896,passive,84
retention,30,,0.96362286562732,0.9444444444444444,3.8006033985241388,0.5050605636710896,passive,84
task_a,1,1.7628460491271971,0.8044444444444444,0.7522123893805309,8.881364124133068,0.320398741642559,passive,84
task_a,2,0.677743222671066,0.9348148148148148,0.8893805309734514,8.589129609742677,0.4340106592386251,passive,84
task_a,3,0.38109711636022364,0.9585185185185185,0.9380530973451328,8.30267554030909,0.4951429710650924,passive,84
task_a,4,0.2717352095050915,0.9762962962962963,0.9469026548672567,8.018418682806786,0.5163483434158983,passive,84
task_a,5,0.2087643784966666,0.9837037037037037,0.9646017699115044,7.741145850802881,0.5090341828635107,passive,84
task_a,6,0.18073569840550244,0.9851851851851852,0.9690265486725663,7.46943209911956,0.5203020574881703,passive,84
task_a,7,0.1633698799064706,0.9866666666666667,0.9823008849557522,7.207896668886732,0.5284560350696468,passive,84
task_a,8,0.1506472104258446,0.9881481481481481,0.9823008849557522,6.961433410387518,0.532405963899237,passive,84
task_a,9,0.14347859504340038,0.9881481481481481,0.9823008849557522,6.719941517351784,0.5382706615893397,passive,84
task_a,10,0.13530059554074525,0.9911111111111112,0.9823008849557522,6.44848677376098,0.5316706790082838,passive,84
task_a,11,0.1312517171002136,0.9911111111111112,0.9823008849557522,6.235967180502223,0.5388786242284012,passive,84
task_a,12,0.1303354963932531,0.9911111111111112,0.9778761061946902,6.047628268383044,0.5325194866875754,passive,84
task_a,13,0.1257835374793551,0.9911111111111112,0.9823008849557522,5.871116919907632,0.5204790436660103,passive,84
task_a,14,0.12198478869653863,0.9911111111111112,0.9867256637168141,5.703099052948269,0.5080309593289448,passive,84
task_a,15,0.12352427610758294,0.9925925925925926,0.9823008849557522,5.547741200825928,0.5196785684617178,passive,84
task_a,16,0.11955901193976043,0.9911111111111112,0.9867256637168141,5.400170108481529,0.5198490807732572,passive,84
task_b,1,2.523705271381246,0.40625,0.35267857142857145,5.0623545195802935,0.5207441794276667,passive,84
task_b,2,1.4187095566939996,0.8229166666666666,0.8080357142857143,5.040639922895996,0.47027712288115353,passive,84
task_b,3,0.8458402395748545,0.9092261904761905,0.8973214285714286,5.050887348035486,0.4328133779500047,passive,84
task_b,4,0.5606689938973162,0.9345238095238095,0.9241071428571429,5.036850002927592,0.41550281595952904,passive,84
task_b,5,0.40137575521571417,0.9523809523809523,0.9419642857142857,4.989795242836225,0.41498712278900257,passive,84
task_b,6,0.3210369055153645,0.9613095238095238,0.9419642857142857,4.91283676510174,0.4095220015080696,passive,84
task_b,7,0.2670018215130709,0.9657738095238095,0.9464285714285714,4.841399979199005,0.4174811943641896,passive,84
task_b,8,0.23356172768136474,0.96875,0.9508928571428571,4.746626352721349,0.4086569386274983,passive,84
task_b,9,0.21533887595214052,0.9717261904761905,0.9508928571428571,4.655752369018635,0.40194098427696673,passive,84
task_b,10,0.2056727839393813,0.9717261904761905,0.9553571428571429,4.571776534538953,0.4111797329554871,passive,84
task_b,11,0.1918012424819376,0.9732142857142857,0.9553571428571429,4.498267846178292,0.41657145784557525,passive,84
task_b,12,0.17930366016063276,0.9732142857142857,0.9553571428571429,4.432900335306535,0.4014986433873948,passive,84
task_b,13,0.17802925499570008,0.9732142857142857,0.9598214285714286,4.36513712096669,0.4008100913926226,passive,84
task_b,14,0.17269314358750618,0.9732142857142857,0.9642857142857143,4.305118687986567,0.40474739637714574,passive,84
task_b,15,0.17710258395998266,0.9761904761904762,0.9642857142857143,4.249808599677134,0.4081059528881701,passive,84
task_b,16,0.16521340138989402,0.9761904761904762,0.9642857142857143,4.197945291188182,0.3930618017814208,passive,84
supervised,1,1.9980296179861663,0.6807720861172977,0.6711111111111111,8.392050345485107,0.48023420691756324,passive,101
supervised,2,1.0123707465205747,0.8515219005196734,0.8355555555555556,7.9319158283390365,0.5682798404443968,passive,101
supervised,3,0.7052059778333445,0.9049740163325909,0.9088888888888889,7.533388048453243,0.5722225168718571,passive,101
supervised,4,0.5616617123944794,0.9161098737936154,0.9066666666666666,7.17053830526191,0.5704407167218715,passive,101
supervised,5,0.4810272762552766,0.9272457312546399,0.9355555555555556,6.845751451811186,0.5450456768953671,passive,101
supervised,6,0.43317584125704234,0.9339272457312546,0.9355555555555556,6.549844133023162,0.5593354318361877,passive,101
supervised,7,0.39187243060112303,0.9398663697104677,0.9511111111111111,6.271038843311482,0.5432770506268589,passive,101
supervised,8,0.37651016434848456,0.9458054936896808,0.9444444444444444,6.030866713939501,0.5308223110175951,passive,101
supervised,9,0.3737173318272088,0.949517446176689,0.9466666666666667,5.812710862481534,0.524563427958634,passive,101
supervised,10,0.3481873867730436,0.9524870081662955,0.9511111111111111,5.629778362904745,0.5233790174867213,passive,101
supervised,11,0.34248992879836226,0.9524870081662955,0.9466666666666667,5.459544567698289,0.5103541643251157,passive,101
supervised,12,0.3433477496327694,0.9547141796585004,0.9444444444444444,5.323060918191526,0.511415584878994,passive,101
supervised,13,0.3410108475427193,0.9591685226429102,0.9466666666666667,5.216230914920039,0.5108329659908766,passive,101
supervised,14,0.38676420708836184,0.9458054936896808,0.94,5.10862502085527,0.5057048939348177,passive,101
supervised,15,0.335501584752104,0.9561989606533037,0.9511111111111111,5.017171550926112,0.5065881144497091,passive,101
supervised,16,0.327638374432278,0.9561989606533037,0.9488888888888889,4.948677743740303,0.512966096775148,passive,101
supervised,17,0.3256974088991939,0.955456570155902,0.9422222222222222,4.888752521257964,0.4878115982160303,passive,101
supervised,18,0.3287088870194014,0.9569413511507052,0.9488888888888889,4.842525610091507,0.508476887342156,passive,101
supervised,19,0.32467909354311675,0.9591685226429102,0.9533333333333334,4.795603014696585,0.4840579390995273,passive,101
supervised,20,0.3274261801598055,0.9584261321455085,0.9511111111111111,4.761811644768704,0.4906376401088145,passive,101
supervised,21,0.3157682092915021,0.9606533036377134,0.9533333333333334,4.71799852769223,0.4814574937039888,passive,101
supervised,22,0.32375666188364793,0.9651076466221232,0.9511111111111111,4.698571344150977,0.4735582874700561,passive,101
supervised,23,0.3149405259847983,0.9621380846325167,0.9444444444444444,4.677316471050672,0.47442775483469235,passive,101
supervised,24,0.3491780811103427,0.9651076466221232,0.9511111111111111,4.633492769243124,0.46871848700631924,passive,101
retention,0,,0.9651076466221232,0.9511111111111111,4.633492769243124,0.46871848700631924,passive,101
retention,1,,0.9651076466221232,0.9511111111111111,4.579591536655537,0.46871848700631924,passive,101
retention,5,,0.9651076466221232,0.9511111111111111,4.454614209795429,0.46871848700631924,passive,101
retention,10,,0.9651076466221232,0.9511111111111111,4.247382324671106,0.46871848700631924,passive,101
retention,30,,0.9643652561247216,0.9511111111111111,3.738546847909091,0.46871848700631924,passive,101
task_a,1,2.000728196220242,0.7837037037037037,0.7831858407079646,8.764928877194237,0.33666225681439776,passive,101
task_a,2,0.6730299027634843,0.9318518518518518,0.8982300884955752,8.503124471453008,0.4426684547599321,passive,101
task_a,3,0.3736478545115581,0.9614814814814815,0.9513274336283186,8.239443235827057,0.5033634272383856,passive,101
task_a,4,0.2668753978167733,0.9733333333333334,0.9690265486725663,7.974060398106969,0.506946860374635,passive,101
task_a,5,0.21270068754000884,0.9762962962962963,0.9823008849557522,7.713227528698223,0.49360042848243246,passive,101
task_a,6,0.18747786997795907,0.9807407407407407,0.9867256637168141,7.460592696095818,0.49598815952120096,passive,101
task_a,7,0.164969060120829,0.9851851851851852,0.9823008849557522,7.219056948992694,0.47463259948825526,passive,101
task_a,8,0.1527952966463297,0.9896296296296296,0.9867256637168141,6.983129899221597,0.4719636919193639,passive,101
task_a,9,0.14456671212513486,0.9925925925925926,0.9867256637168141,6.761792759847661,0.47716152856967026,passive,101
task_a,10,0.13665387530331222,0.9925925925925926,0.9911504424778761,6.549125806285383,0.4666599320950936,passive,101
task_a,11,0.1329611430060081,0.9925925925925926,0.9911504424778761,6.348148171440543,0.45727404573866465,passive,101
task_a,12,0.12836709443170505,0.9925925925925926,0.9911504424778761,6.155420128772532,0.45502669665021767,passive,101
task_a,13,0.12972306301222059,0.9940740740740741,0.995575221238938,5.97344355859103,0.45306219015559984,passive,101
task_a,14,0.12171390610271125,0.9940740740740741,0.995575221238938,5.795755970199036,0.445891996446568,passive,101
task_a,15,0.11977321214882863,0.9940740740740741,0.995575221238938,5.617216920861103,0.4480973674354577,passive,101
task_a,16,0.11917138029954585,0.9940740740740741,0.995575221238938,5.448709667552983,0.44599456346269334,passive,101
task_b,1,2.6862001061865084,0.24404761904761904,0.25,5.046333496704698,0.5071001970598494,passive,101
task_b,2,1.557941145269954,0.8229166666666666,0.8482142857142857,5.0020258878614605,0.5206378873615893,passive,101
task_b,3,0.9022448284003738,0.90625,0.8928571428571429,5.039016429721133,0.5262550851100695,passive,101
task_b,4,0.573158250152854,0.9389880952380952,0.9285714285714286,5.043170164175401,0.5165211281508353,passive,101
task_b,5,0.4058754089457524,0.9479166666666666,0.9241071428571429,5.0105341395031715,0.502733721850841,passive,101
task_b,6,0.3187659517623754,0.9568452380952381,0.9330357142857143,4.958311997970132,0.5044136689474827,passive,101
task_b,7,0.27215402326700516,0.9568452380952381,0.9419642857142857,4.88953528394013,0.48976252615247795,passive,101
task_b,8,0.23967404686202357,0.9627976190476191,0.9419642857142857,4.81246385222942,0.5024662455190729,passive,101
task_b,9,0.22369983870480786,0.9672619047619048,0.9464285714285714,4.733629811524104,0.5163195336808226,passive,101
task_b,10,0.20925626315588522,0.9657738095238095,0.9508928571428571,4.652604696142991,0.5059486721643341,passive,101
task_b,11,0.19722600864868897,0.9657738095238095,0.9553571428571429,4.575687979090834,0.521826913548992,passive,101
task_b,12,0.19189733336295,0.9672619047619048,0.9553571428571429,4.501477573472095,0.49653625263532875,passive,101
task_b,13,0.18408403851424293,0.9732142857142857,0.9598214285714286,4.426700954089126,0.4923876947901944,passive,101
task_b,14,0.17975970503023792,0.9732142857142857,0.96875,4.353131759917716,0.49585699160943403,passive,101
task_b,15,0.1810145237298418,0.9732142857142857,0.96875,4.283016722812821,0.5079526192226475,passive,101
task_b,16,0.17523965733382788,0.9747023809523809,0.96875,4.223987534948858,0.48806066134692316,passive,101
supervised,1,1.6391897974183578,0.7475872308834447,0.7377777777777778,8.944589573862494,0.5014026583962095,reinforced,7
supervised,2,0.7993742295279965,0.8567186340014847,0.8311111111111111,9.00338635026685,0.5573430108226074,reinforced,7
supervised,3,0.5529087493604532,0.8982925018559762,0.8866666666666667,9.040825145035903,0.5637019970830219,reinforced,7
supervised,4,0.40323823238911455,0.9302152932442465,0.9177777777777778,9.044888923696336,0.5634405519273703,reinforced,7
supervised,5,0.3269971928170082,0.9354120267260579,0.9333333333333333,9.037959930681653,0.559840968377108,reinforced,7
supervised,6,0.2790517042629749,0.9435783221974758,0.9311111111111111,9.017397604301278,0.5630925713941699,reinforced,7
supervised,7,0.2605842114559839,0.9510022271714922,0.94,8.981738639950256,0.556273142195827,reinforced,7
supervised,8,0.22149850929322404,0.961395694135115,0.94,8.94927528946291,0.558905827978492,reinforced,7
supervised,9,0.21461395531500005,0.9643652561247216,0.9377777777777778,8.908557254286753,0.5457031380096504,reinforced,7
supervised,10,0.19109116823862138,0.9710467706013363,0.9555555555555556,8.859527680850961,0.550395173330975,reinforced,7
supervised,11,0.18451312191213984,0.9725315515961396,0.9555555555555556,8.818575573250016,0.5774057327157444,reinforced,7
supervised,12,0.1726151924972924,0.9732739420935412,0.9577777777777777,8.774433805666238,0.5498956674411725,reinforced,7
supervised,13,0.1563186341174387,0.9792130660727543,0.9622222222222222,8.719004131078384,0.5389283728763747,reinforced,7
supervised,14,0.147353669419244,0.9792130660727543,0.9622222222222222,8.665024272935765,0.547127938545249,reinforced,7
supervised,15,0.1425556206507723,0.9799554565701559,0.9577777777777777,8.61097028123948,0.5468276167500574,reinforced,7
supervised,16,0.13972707982478239,0.9799554565701559,0.9555555555555556,8.561006928418008,0.5349233719703692,reinforced,7
supervised,17,0.13223094060870133,0.9821826280623608,0.9555555555555556,8.503539791195793,0.5290945564521992,reinforced,7
supervised,18,0.12911136076073484,0.9821826280623608,0.9555555555555556,8.450060180573205,0.5429581853679171,reinforced,7
supervised,19,0.13133950856418858,0.9806978470675576,0.96,8.40234248825615,0.5406206375426935,reinforced,7
supervised,20,0.12228028761810233,0.9814402375649591,0.9555555555555556,8.345501972727941,0.5283216729434033,reinforced,7
supervised,21,0.1172325011224308,0.9836674090571641,0.9555555555555556,8.292254952980255,0.5288412262195162,reinforced,7
supervised,22,0.11874772711414877,0.9836674090571641,0.9533333333333334,8.243507324205677,0.5384019598166204,reinforced,7
supervised,23,0.11512059056221027,0.9844097995545658,0.9577777777777777,8.19611645451217,0.5380269757104005,reinforced,7
supervised,24,0.11059870177741306,0.9851521900519673,0.96,8.14562776745884,0.5194628185084553,reinforced,7
retention,0,,0.9851521900519673,0.96,8.14562776745884,0.5194628185084553,reinforced,7
retention,1,,0.9851521900519673,0.96,8.130640876584588,0.5194628185084553,reinforced,7
retention,5,,0.9851521900519673,0.9577777777777777,8.091137968854696,0.5194628185084553,reinforced,7
retention,10,,0.9851521900519673,0.9577777777777777,8.021449458057253,0.5194628185084553,reinforced,7
retention,30,,0.9844097995545658,0.9577777777777777,7.833220213330016,0.5194628185084553,reinforced,7
task_a,1,1.557617881512023,0.8696296296296296,0.8716814159292036,8.961655439838893,0.3048616204825235,reinforced,7
task_a,2,0.4762552906794092,0.9422222222222222,0.911504424778761,8.954850744281057,0.4092698091870236,reinforced,7
task_a,3,0.2929272942340247,0.9540740740740741,0.9336283185840708,8.93453073654462,0.4592819148185533,reinforced,7
task_a,4,0.21386916360248145,0.96,0.9380530973451328,8.902018679511354,0.4711015295830884,reinforced,7
task_a,5,0.17507032888395122,0.9688888888888889,0.9469026548672567,8.863906139467218,0.4698528144011387,reinforced,7
task_a,6,0.14391583089269225,0.9733333333333334,0.9646017699115044,8.821844714536311,0.46447795025889155,reinforced,7
task_a,7,0.12070082085624852,0.9777777777777777,0.9646017699115044,8.773101343263221,0.4593156995278387,reinforced,7
task_a,8,0.10862397210549357,0.9792592592592593,0.9734513274336283,8.725626214583366,0.4640084167809536,reinforced,7
task_a,9,0.09422725704438951,0.9837037037037037,0.9734513274336283,8.675321273257154,0.45989594657406074,reinforced,7
task_a,10,0.08482384077863189,0.9866666666666667,0.9734513274336283,8.620796700023343,0.4642905294325992,reinforced,7
task_a,11,0.07989192454989189,0.9896296296296296,0.9734513274336283,8.56976449689285,0.46761058027741165,reinforced,7
task_a,12,0.07084653573348176,0.9925925925925926,0.9778761061946902,8.514103337704693,0.4519153197635895,reinforced,7
task_a,13,0.0663267069072975,0.9940740740740741,0.9823008849557522,8.456521653792706,0.4435996512601237,reinforced,7
task_a,14,0.06438507212406452,0.997037037037037,0.9823008849557522,8.403396154783216,0.448376412053066,reinforced,7
task_a,15,0.058158224398988434,0.997037037037037,0.9823008849557522,8.347316105961998,0.4482840318691394,reinforced,7
task_a,16,0.05774739637958679,0.9985185185185185,0.9823008849557522,8.292654795654276,0.4397762894620002,reinforced,7
task_b,1,2.401771459590289,0.6428571428571429,0.6428571428571429,8.103813832326288,0.487508769894166,reinforced,7
task_b,2,0.8552151246904846,0.8824404761904762,0.8973214285714286,8.150903481743194,0.5050969757830288,reinforced,7
task_b,3,0.466588287885294,0.9389880952380952,0.9508928571428571,8.186054197876642,0.5092550955061063,reinforced,7
task_b,4,0.3112937265070503,0.9508928571428571,0.9553571428571429,8.1992157045809,0.5071908698364563,reinforced,7
task_b,5,0.2410224709852671,0.9568452380952381,0.96875,8.196805305726667,0.503096183676353,reinforced,7
task_b,6,0.1941472512690698,0.9568452380952381,0.9642857142857143,8.182026208366059,0.49137822690716826,reinforced,7
task_b,7,0.16347573156162665,0.9657738095238095,0.96875,8.158810014168326,0.5022606016254682,reinforced,7
task_b,8,0.1479957501143166,0.96875,0.9732142857142857,8.130054419385093,0.5031546632059778,reinforced,7
task_b,9,0.13188073507962825,0.9761904761904762,0.9732142857142857,8.096307410280502,0.49245079281472637,reinforced,7
task_b,10,0.12346960443393891,0.9806547619047619,0.9732142857142857,8.061115581689313,0.501946260399373,reinforced,7
task_b,11,0.11161058708504158,0.9836309523809523,0.9732142857142857,8.025013895800562,0.5048399566330851,reinforced,7
task_b,12,0.10406083167601245,0.9836309523809523,0.9732142857142857,7.987478690661358,0.502869304066218,reinforced,7
task_b,13,0.09895830363921315,0.9851190476190477,0.9732142857142857,7.946673428550226,0.5120815605341759,reinforced,7
task_b,14,0.09232718014071704,0.9866071428571429,0.9732142857142857,7.904222310616222,0.506489641837289,reinforced,7
task_b,15,0.08794349181793767,0.9866071428571429,0.9732142857142857,7.8578032209699415,0.4977305905365011,reinforced,7
task_b,16,0.08290663794412503,0.9880952380952381,0.9732142857142857,7.805620593368685,0.4940626608445627,reinforced,7
supervised,1,1.574214203330726,0.7438752783964365,0.6955555555555556,8.707862899596114,0.49288942373399974,reinforced,21
supervised,2,0.7992665865022338,0.8589458054936897,0.8311111111111111,8.78970143257449,0.5455020659696943,reinforced,21
supervised,3,0.5259325535904601,0.9086859688195991,0.8644444444444445,8.847317172479281,0.5539921423518887,reinforced,21
supervised,4,0.3981882424293975,0.933184855233853,0.8977777777777778,8.877991705701648,0.5695400041278472,reinforced,21
supervised,5,0.3236902390258657,0.9383815887156645,0.9,8.886483150551694,0.5746996550255657,reinforced,21
supervised,6,0.2691691607285823,0.9532293986636972,0.9111111111111111,8.876903544598171,0.5643950111522578,reinforced,21
supervised,7,0.264808226489865,0.955456570155902,0.9088888888888889,8.856079357293153,0.5747798060660023,reinforced,21
supervised,8,0.24861211328057709,0.9621380846325167,0.9222222222222223,8.827154602693115,0.5439448443469046,reinforced,21
supervised,9,0.20266420734736748,0.9643652561247216,0.9377777777777778,8.791985450277398,0.5579590304682425,reinforced,21
supervised,10,0.1825841714285197,0.9710467706013363,0.9333333333333333,8.74763730105317,0.5422801080036532,reinforced,21
supervised,11,0.18019076720949714,0.9673348181143281,0.9288888888888889,8.705413509430826,0.5472758333753525,reinforced,21
supervised,12,0.16317525155064075,0.977728285077951,0.9311111111111111,8.661670216604739,0.5609460453087867,reinforced,21
supervised,13,0.15807497228488257,0.9740163325909429,0.9333333333333333,8.614591148622656,0.5339687269430362,reinforced,21
supervised,14,0.14353453993818055,0.9814402375649591,0.9466666666666667,8.55719418056353,0.5236456395847768,reinforced,21
supervised,15,0.13626830317159577,0.9821826280623608,0.9466666666666667,8.50596566125469,0.5363884612005441,reinforced,21
supervised,16,0.13013911949011173,0.9851521900519673,0.9466666666666667,8.449298033820677,0.5197685072531679,reinforced,21
supervised,17,0.12749818550497,0.9873793615441723,0.9466666666666667,8.394806566061357,0.5244935115726341,reinforced,21
supervised,18,0.12153676793467433,0.9873793615441723,0.9488888888888889,8.340780738901934,0.5326249724141623,reinforced,21
supervised,19,0.13030888374470512,0.9866369710467706,0.9555555555555556,8.296210705176433,0.5348291701647864,reinforced,21
supervised,20,0.1221806695227431,0.9866369710467706,0.9511111111111111,8.246154241554796,0.5191068798608856,reinforced,21
supervised,21,0.11644766926827961,0.9866369710467706,0.9533333333333334,8.194424877843554,0.5227496383188772,reinforced,21
supervised,22,0.11071852373442437,0.9888641425389755,0.9555555555555556,8.140459762229945,0.518651398010507,reinforced,21
supervised,23,0.1245656755570733,0.9888641425389755,0.9511111111111111,8.096791343897829,0.5250056095878787,reinforced,21
supervised,24,0.10634893733319116,0.9888641425389755,0.9555555555555556,8.044961599398171,0.5259714254701435,reinforced,21
retention,0,,0.9888641425389755,0.9555555555555556,8.044961599398171,0.5259714254701435,reinforced,21
retention,1,,0.9888641425389755,0.9555555555555556,8.027747004807008,0.5259714254701435,reinforced,21
retention,5,,0.9888641425389755,0.9555555555555556,7.986636585816447,0.5259714254701435,reinforced,21
retention,10,,0.9888641425389755,0.9555555555555556,7.9161293770259675,0.5259714254701435,reinforced,21
retention,30,,0.9896065330363771,0.9533333333333334,7.7301315812482665,0.5259714254701435,reinforced,21
task_a,1,1.4286108186908868,0.8814814814814815,0.8230088495575221,8.729856011262799,0.3174690999143902,reinforced,21
task_a,2,0.4757464314821107,0.9407407407407408,0.8982300884955752,8.735240758781083,0.41573564299182997,reinforced,21
task_a,3,0.28035977515413973,0.96,0.9380530973451328,8.718024919489617,0.4602421644602591,reinforced,21
task_a,4,0.20396224170821256,0.9718518518518519,0.9513274336283186,8.691227934562283,0.4692624739630271,reinforced,21
task_a,5,0.15881620537735983,0.9792592592592593,0.9557522123893806,8.654459654294447,0.4705250070923207,reinforced,21
task_a,6,0.13155513478697675,0.9851851851851852,0.9646017699115044,8.60894095774981,0.46542359882971274,reinforced,21
task_a,7,0.11365148033921867,0.9896296296296296,0.9734513274336283,8.561133618493193,0.47140294088489487,reinforced,21
task_a,8,0.09977484815157395,0.9896296296296296,0.9778761061946902,8.508537127605036,0.4729491309626211,reinforced,21
task_a,9,0.08938125611364256,0.9911111111111112,0.9823008849557522,8.43963808226535,0.4584526437690333,reinforced,21
task_a,10,0.08480889947961438,0.9940740740740741,0.9823008849557522,8.379481675280013,0.46447004178224716,reinforced,21
task_a,11,0.07654119796263716,0.9940740740740741,0.9823008849557522,8.308216700453855,0.4459255625597579,reinforced,21
task_a,12,0.06990676647134607,0.9940740740740741,0.9823008849557522,8.224939494493963,0.4551088042528709,reinforced,21
task_a,13,0.06609352776038252,0.9940740740740741,0.9823008849557522,8.152301167347618,0.44371986849347,reinforced,21
task_a,14,0.06340201440266575,0.9955555555555555,0.9823008849557522,8.087589312317526,0.43585447464926175,reinforced,21
task_a,15,0.05984017137760715,0.9955555555555555,0.9823008849557522,8.021623313200456,0.4344485907266083,reinforced,21
task_a,16,0.056597383868306865,0.9955555555555555,0.9823008849557522,7.946222415084586,0.4281097746770877,reinforced,21
task_b,1,2.483778681316234,0.6473214285714286,0.6517857142857143,7.738985831281346,0.47530170278822403,reinforced,21
task_b,2,0.8985096632138544,0.9002976190476191,0.9107142857142857,7.807996538699931,0.48974659428562767,reinforced,21
task_b,3,0.4744894071227238,0.9360119047619048,0.9330357142857143,7.862168941255762,0.4817868695296452,reinforced,21
task_b,4,0.3298297353692471,0.9464285714285714,0.9464285714285714,7.883581199615835,0.4900540526179291,reinforced,21
task_b,5,0.24850861377903646,0.9568452380952381,0.9553571428571429,7.885458285370858,0.48711889654590024,reinforced,21
task_b,6,0.20380039937985756,0.9598214285714286,0.9642857142857143,7.878528915143092,0.47907910375159446,reinforced,21
task_b,7,0.17452679049714384,0.9642857142857143,0.96875,7.861434878855174,0.4781417023782958,reinforced,21
task_b,8,0.15913493182292926,0.9717261904761905,0.9732142857142857,7.838035333116207,0.48448562160191955,reinforced,21
task_b,9,0.13523832762099486,0.9747023809523809,0.9776785714285714,7.809528614108757,0.4716698789073578,reinforced,21
task_b,10,0.12407071652801403,0.9776785714285714,0.9776785714285714,7.77549863487268,0.4696433682559516,reinforced,21
task_b,11,0.11811339211082905,0.9791666666666666,0.9732142857142857,7.7392481794753465,0.4686055982485415,reinforced,21
task_b,12,0.10838646124489942,0.9806547619047619,0.9776785714285714,7.703598513911905,0.47247927670174117,reinforced,21
task_b,13,0.10338720608227024,0.9836309523809523,0.9776785714285714,7.66766743166404,0.4660263117348713,reinforced,21
task_b,14,0.09594778087268577,0.9836309523809523,0.9776785714285714,7.6250746360081845,0.4519257429342223,reinforced,21
task_b,15,0.08879208377208334,0.9851190476190477,0.9776785714285714,7.5833742898755325,0.4467230517567974,reinforced,21
task_b,16,0.08415954149585733,0.9851190476190477,0.9776785714285714,7.5393575183283925,0.45153467508969003,reinforced,21
supervised,1,2.053650784428859,0.6585003711952487,0.6533333333333333,8.910676099274156,0.5294890650408157,reinforced,42
supervised,2,0.9574185357451254,0.8307349665924276,0.82,8.970407271520783,0.5674815793708429,reinforced,42
supervised,3,0.6173831481475581,0.8871566443949518,0.86,9.021812281888637,0.5579386373600219,reinforced,42
supervised,4,0.5058598812147926,0.9116555308092057,0.8977777777777778,9.075833720181707,0.5563466289763368,reinforced,42
supervised,5,0.3663348549980686,0.9339272457312546,0.9088888888888889,9.066939346280758,0.5299753856128335,reinforced,42
supervised,6,0.30200953523500557,0.9398663697104677,0.92,9.046844729169926,0.5525552847654397,reinforced,42
supervised,7,0.2591202261715689,0.9502598366740905,0.9266666666666666,9.017563944144456,0.5328872138995899,reinforced,42
supervised,8,0.2376794657469078,0.9524870081662955,0.94,8.983401218678589,0.523703878148881,reinforced,42
supervised,9,0.2104105969462652,0.9606533036377134,0.94,8.937344189661845,0.5106444070870947,reinforced,42
supervised,10,0.20136327293440645,0.9591685226429102,0.9444444444444444,8.890404473087184,0.5300205284138371,reinforced,42
supervised,11,0.17352690825793507,0.9665924276169265,0.9488888888888889,8.835018687963052,0.4985579760174226,reinforced,42
supervised,12,0.18898186237153985,0.9710467706013363,0.9466666666666667,8.779903129062308,0.5438704373182012,reinforced,42
supervised,13,0.1837489295296229,0.9717891610987379,0.9466666666666667,8.734550991728218,0.5336949638998727,reinforced,42
supervised,14,0.14856284123943816,0.9740163325909429,0.9533333333333334,8.686828095192912,0.5259610964955357,reinforced,42
supervised,15,0.13872581510405288,0.9799554565701559,0.9577777777777777,8.630712091741076,0.49861144195466656,reinforced,42
supervised,16,0.13232102499367732,0.9844097995545658,0.9577777777777777,8.572690158984697,0.5011893461512631,reinforced,42
supervised,17,0.12516725738756918,0.9851521900519673,0.96,8.511049831394034,0.49602407806883597,reinforced,42
supervised,18,0.12181973413540746,0.9866369710467706,0.96,8.450389788855766,0.49944786278736847,reinforced,42
supervised,19,0.12068663192540093,0.9866369710467706,0.9622222222222222,8.3948003096744,0.5040001610360424,reinforced,42
supervised,20,0.12451776044213948,0.9836674090571641,0.9622222222222222,8.34007513553907,0.5024414716601129,reinforced,42
supervised,21,0.11295337694469412,0.9866369710467706,0.9644444444444444,8.278339691588776,0.4887691416263768,reinforced,42
supervised,22,0.11356952617961044,0.9873793615441723,0.9644444444444444,8.22390798803248,0.5010827586467672,reinforced,42
supervised,23,0.1063969628869609,0.9888641425389755,0.9666666666666667,8.167128812076108,0.4875686082107168,reinforced,42
supervised,24,0.10568921022468912,0.9896065330363771,0.9666666666666667,8.108064159284519,0.4689461984931619,reinforced,42
retention,0,,0.9896065330363771,0.9666666666666667,8.108064159284519,0.4689461984931619,reinforced,42
retention,1,,0.9896065330363771,0.9666666666666667,8.08992857825277,0.4689461984931619,reinforced,42
retention,5,,0.9896065330363771,0.9666666666666667,8.04587651655691,0.4689461984931619,reinforced,42
retention,10,,0.9896065330363771,0.9666666666666667,7.969971405517912,0.4689461984931619,reinforced,42
retention,30,,0.9888641425389755,0.9666666666666667,7.769119355081916,0.4689461984931619,reinforced,42
task_a,1,1.9087042870746962,0.8103703703703704,0.7699115044247787,9.023451899791434,0.3471590413061483,reinforced,42
task_a,2,0.5768413051350805,0.9407407407407408,0.8893805309734514,9.026811534731237,0.4793901973908822,reinforced,42
task_a,3,0.3072513005492888,0.9688888888888889,0.915929203539823,9.023598482547047,0.5208712811710937,reinforced,42
task_a,4,0.21290542185973071,0.9718518518518519,0.9380530973451328,9.008443098341898,0.5301966826099169,reinforced,42
task_a,5,0.16188360054939954,0.9748148148148148,0.9646017699115044,8.981807085659991,0.5428998513324715,reinforced,42
task_a,6,0.13203318260570032,0.9807407407407407,0.9690265486725663,8.948625737598018,0.5292097717280388,reinforced,42
task_a,7,0.11459929522283589,0.9866666666666667,0.9778761061946902,8.911702493438682,0.5311460677963818,reinforced,42
task_a,8,0.09681631742375302,0.9881481481481481,0.9778761061946902,8.871306200906364,0.5324252550616853,reinforced,42
task_a,9,0.08929563524850577,0.9896296296296296,0.9778761061946902,8.828199969929877,0.5067351185993766,reinforced,42
task_a,10,0.07956736527392956,0.9955555555555555,0.9778761061946902,8.78146537216814,0.5053709732422327,reinforced,42
task_a,11,0.07202468864814719,0.997037037037037,0.9823008849557522,8.733568315638877,0.5107198356216349,reinforced,42
task_a,12,0.06532953167176793,0.997037037037037,0.9823008849557522,8.685276010252522,0.516619758617445,reinforced,42
task_a,13,0.06301766122950977,0.997037037037037,0.9823008849557522,8.637749185616933,0.5199037445512645,reinforced,42
task_a,14,0.0547320576079976,0.997037037037037,0.9823008849557522,8.589472878336231,0.5240148773714282,reinforced,42
task_a,15,0.05282156760814187,0.9985185185185185,0.9823008849557522,8.541861734136791,0.5307074209324325,reinforced,42
task_a,16,0.048507384290584425,0.9985185185185185,0.9823008849557522,8.492743333910463,0.5200908977027014,reinforced,42
task_b,1,2.9763681957915766,0.5327380952380952,0.5178571428571429,8.18551911365946,0.5464436364058581,reinforced,42
task_b,2,1.032829132286116,0.8794642857142857,0.8928571428571429,8.231049177073524,0.5617393500509545,reinforced,42
task_b,3,0.5573328451122762,0.9226190476190477,0.8973214285714286,8.279701193862785,0.5478117190902684,reinforced,42
task_b,4,0.35715787456312653,0.9419642857142857,0.9196428571428571,8.304292783634374,0.537549800388073,reinforced,42
task_b,5,0.26141005101230425,0.9598214285714286,0.9375,8.309135516344908,0.519270300928756,reinforced,42
task_b,6,0.2110425646440464,0.9613095238095238,0.9464285714285714,8.301342041643169,0.5195764715877944,reinforced,42
task_b,7,0.1807361187495123,0.9657738095238095,0.9553571428571429,8.285275855757405,0.5163646892877916,reinforced,42
task_b,8,0.15058650356678774,0.9717261904761905,0.9642857142857143,8.261903424216616,0.5006230712996906,reinforced,42
task_b,9,0.1376507196683652,0.9761904761904762,0.96875,8.233747624220907,0.4996784849090266,reinforced,42
task_b,10,0.12710756676033116,0.9791666666666666,0.96875,8.20409757303265,0.5049025836320066,reinforced,42
task_b,11,0.10993925022829053,0.9806547619047619,0.9732142857142857,8.170693019519815,0.5003473288612446,reinforced,42
task_b,12,0.10425454762891827,0.9806547619047619,0.9732142857142857,8.134291956871666,0.5042786056398592,reinforced,42
task_b,13,0.09232967178024244,0.9836309523809523,0.9732142857142857,8.0982397232605,0.5039746184619718,reinforced,42
task_b,14,0.08953347270544226,0.9851190476190477,0.9732142857142857,8.059283121617932,0.4977803361417503,reinforced,42
task_b,15,0.08211459645977033,0.9866071428571429,0.9732142857142857,8.018733316143907,0.489134393090559,reinforced,42
task_b,16,0.08068992893709485,0.9866071428571429,0.9776785714285714,7.977681290454003,0.48802714654793844,reinforced,42
supervised,1,1.6905280012880501,0.7015590200445434,0.6688888888888889,9.081811505258054,0.5044610042250903,reinforced,84
supervised,2,0.871698978345249,0.8344469190794358,0.8177777777777778,9.127085255463006,0.5872206798174249,reinforced,84
supervised,3,0.5908296241845448,0.8916109873793615,0.8644444444444445,9.156260493834225,0.5672026314848027,reinforced,84
supervised,4,0.4355962324245379,0.9220489977728286,0.8911111111111111,9.156391696363936,0.5463662202070412,reinforced,84
supervised,5,0.3420397648861617,0.9346696362286563,0.9133333333333333,9.141811094396996,0.555811835056427,reinforced,84
supervised,6,0.31829893690814864,0.9435783221974758,0.9111111111111111,9.127678858496882,0.5556578941357335,reinforced,84
supervised,7,0.2614515932598898,0.949517446176689,0.9311111111111111,9.094947840059751,0.5609102448049565,reinforced,84
supervised,8,0.23338971894622718,0.9524870081662955,0.9222222222222223,9.052520678775583,0.5524848138039777,reinforced,84
supervised,9,0.200953080642173,0.9599109131403119,0.9444444444444444,8.999838090644102,0.538319234613708,reinforced,84
supervised,10,0.20085134093503798,0.961395694135115,0.9511111111111111,8.954520448437655,0.5397125510338772,reinforced,84
supervised,11,0.17348032405263306,0.9673348181143281,0.9555555555555556,8.899397049512773,0.5491218465018479,reinforced,84
supervised,12,0.1631883915416438,0.9688195991091314,0.9577777777777777,8.8428200619577,0.5282197565786083,reinforced,84
supervised,13,0.15796158483693842,0.9695619896065331,0.9577777777777777,8.787073324188931,0.5164604033952025,reinforced,84
supervised,14,0.15359946660887586,0.9762435040831478,0.9555555555555556,8.730004761565763,0.5424216881237713,reinforced,84
supervised,15,0.1391199050437024,0.977728285077951,0.96,8.671502800903792,0.5439187460050358,reinforced,84
supervised,16,0.1310788932665148,0.9792130660727543,0.9622222222222222,8.607464429307752,0.5273266253151534,reinforced,84
supervised,17,0.1308672783260852,0.9799554565701559,0.96,8.549344887309193,0.5268555621414055,reinforced,84
supervised,18,0.13056040264399763,0.9814402375649591,0.9644444444444444,8.495137155327386,0.5417885278206629,reinforced,84
supervised,19,0.12195995775942321,0.9829250185597624,0.9622222222222222,8.438531030655962,0.5297101962989388,reinforced,84
supervised,20,0.11770711709710002,0.9844097995545658,0.9644444444444444,8.380158110614145,0.5254421179090996,reinforced,84
supervised,21,0.1209653029331886,0.985894580549369,0.9666666666666667,8.327165518930192,0.5282926009894594,reinforced,84
supervised,22,0.1132897432085067,0.9851521900519673,0.9688888888888889,8.274347976047252,0.5202804722567824,reinforced,84
supervised,23,0.10790969843513318,0.985894580549369,0.9666666666666667,8.215050586061597,0.5224253476268617,reinforced,84
supervised,24,0.11077383513440332,0.9851521900519673,0.9622222222222222,8.161454090022733,0.5160274610372251,reinforced,84
retention,0,,0.9851521900519673,0.9622222222222222,8.161454090022733,0.5160274610372251,reinforced,84
retention,1,,0.9851521900519673,0.9622222222222222,8.14621569109666,0.5160274610372251,reinforced,84
retention,5,,0.9851521900519673,0.9622222222222222,8.106332634654844,0.5160274610372251,reinforced,84
retention,10,,0.9851521900519673,0.9622222222222222,8.036120822208842,0.5160274610372251,reinforced,84
retention,30,,0.9851521900519673,0.9622222222222222,7.846864564403631,0.5160274610372251,reinforced,84
task_a,1,1.7576586766661704,0.8014814814814815,0.7610619469026548,9.108143476362146,0.3200901753761741,reinforced,84
task_a,2,0.6497940776599355,0.9377777777777778,0.8849557522123894,9.092920779295087,0.4333538536121682,reinforced,84
task_a,3,0.3477182492336715,0.9555555555555556,0.9380530973451328,9.074495635553225,0.4930963916311304,reinforced,84
task_a,4,0.23528414968930897,0.9748148148148148,0.9513274336283186,9.044316416798065,0.5134555862458506,reinforced,84
task_a,5,0.16647097478552925,0.9807407407407407,0.9557522123893806,9.008302310870299,0.5050591800284006,reinforced,84
task_a,6,0.13457957134638054,0.9851851851851852,0.9601769911504425,8.962256653253911,0.5167742599435273,reinforced,84
task_a,7,0.11445637052230913,0.9866666666666667,0.9690265486725663,8.913796562311068,0.5223366675635204,reinforced,84
task_a,8,0.09894717795862235,0.9881481481481481,0.9734513274336283,8.864765163431843,0.5259554651986172,reinforced,84
task_a,9,0.08817319547892556,0.9911111111111112,0.9734513274336283,8.81350370427967,0.532508374939953,reinforced,84
task_a,10,0.07875974776938759,0.9940740740740741,0.9778761061946902,8.759490551363472,0.5227668615606569,reinforced,84
task_a,11,0.07065192991901763,0.9940740740740741,0.9778761061946902,8.69794379293867,0.532626513053356,reinforced,84
task_a,12,0.06727962248553704,0.9940740740740741,0.9823008849557522,8.639260972603324,0.5291801753709768,reinforced,84
task_a,13,0.0612628746711259,0.997037037037037,0.9823008849557522,8.576731393016455,0.5127199574597854,reinforced,84
task_a,14,0.05574907893992957,0.997037037037037,0.9823008849557522,8.507347477654262,0.5021693171449676,reinforced,84
task_a,15,0.05501488134470687,0.997037037037037,0.9823008849557522,8.426942979921677,0.5078640361212248,reinforced,84
task_a,16,0.05031192670083344,0.997037037037037,0.9823008849557522,8.35477682060243,0.5078268286923171,reinforced,84
task_b,1,2.418034455954817,0.5729166666666666,0.5625,8.167343112484314,0.5314206148958065,reinforced,84
task_b,2,0.919757534666743,0.8824404761904762,0.8705357142857143,8.211453662756968,0.5129357977555218,reinforced,84
task_b,3,0.5272954338683357,0.9226190476190477,0.9107142857142857,8.24679683677435,0.496341392471008,reinforced,84
task_b,4,0.3640697253650702,0.9360119047619048,0.9241071428571429,8.259396233028511,0.4917489687005463,reinforced,84
task_b,5,0.2766557016740433,0.9464285714285714,0.9241071428571429,8.256523134435726,0.48944404835613975,reinforced,84
task_b,6,0.23120859868297014,0.9508928571428571,0.9330357142857143,8.239708984107416,0.48615216981765835,reinforced,84
task_b,7,0.19338421705716086,0.9553571428571429,0.9330357142857143,8.218522986372427,0.4954045398616621,reinforced,84
task_b,8,0.1674971405556164,0.9568452380952381,0.9464285714285714,8.190975680530919,0.4778299981960329,reinforced,84
task_b,9,0.15204397114155702,0.9598214285714286,0.9553571428571429,8.157150361725483,0.46997633475422584,reinforced,84
task_b,10,0.1419243267976444,0.9672619047619048,0.9508928571428571,8.121766219541229,0.47813557713827926,reinforced,84
task_b,11,0.1259653148073439,0.9702380952380952,0.9553571428571429,8.086053417504107,0.47270056746832956,reinforced,84
task_b,12,0.11340980106498769,0.9717261904761905,0.9553571428571429,8.046345386350746,0.46668783982948314,reinforced,84
task_b,13,0.11047604125916989,0.9747023809523809,0.9598214285714286,8.004901460056352,0.46654983562009666,reinforced,84
task_b,14,0.10203979580731751,0.9791666666666666,0.9598214285714286,7.963600863234167,0.4717293956405147,reinforced,84
task_b,15,0.10329922292540959,0.9836309523809523,0.96875,7.92349985947466,0.47378783225091614,reinforced,84
task_b,16,0.0896643039192814,0.9851190476190477,0.9732142857142857,7.878396763364625,0.4621074379413407,reinforced,84
supervised,1,1.9874480492437074,0.6837416481069042,0.6711111111111111,8.921821200610232,0.479338870838957,reinforced,101
supervised,2,0.9312231069156268,0.8552338530066815,0.8333333333333334,8.999028605018212,0.5680432322830613,reinforced,101
supervised,3,0.5897757678922004,0.9064587973273942,0.9044444444444445,9.0684173072134,0.5709267671649572,reinforced,101
supervised,4,0.433907314776351,0.9131403118040089,0.9088888888888889,9.099137574057945,0.5717697076071039,reinforced,101
supervised,5,0.3481468254763087,0.9324424647364514,0.94,9.102859734630421,0.5550074686063649,reinforced,101
supervised,6,0.2920341478395449,0.9391239792130661,0.9444444444444444,9.091679972686636,0.5721712346623307,reinforced,101
supervised,7,0.25007036722455767,0.9510022271714922,0.9488888888888889,9.062233516916669,0.5598966021252743,reinforced,101
supervised,8,0.22737058316356792,0.9547141796585004,0.9511111111111111,9.027905588644956,0.5364957719134533,reinforced,101
supervised,9,0.2090434580207785,0.9576837416481069,0.9555555555555556,8.984513039619134,0.5487369449587813,reinforced,101
supervised,10,0.18711516554565444,0.961395694135115,0.96,8.937025895886965,0.5421662169393402,reinforced,101
supervised,11,0.17512257906125256,0.9643652561247216,0.9622222222222222,8.882729482604216,0.5291533413487182,reinforced,101
supervised,12,0.16783639098721795,0.9680772086117297,0.9644444444444444,8.827066125575442,0.5452570162842696,reinforced,101
supervised,13,0.16052089132653663,0.9703043801039347,0.96,8.777181207373324,0.5502461634736036,reinforced,101
supervised,14,0.2213807887482422,0.9599109131403119,0.9555555555555556,8.715851462929342,0.5429505077791301,reinforced,101
supervised,15,0.15593098305367964,0.9747587230883444,0.96,8.66119070624003,0.5365950488722832,reinforced,101
supervised,16,0.14186940468898987,0.977728285077951,0.9577777777777777,8.610050998943457,0.5483268457601311,reinforced,101
supervised,17,0.1360088173536886,0.977728285077951,0.9577777777777777,8.557266769300881,0.5269330028070807,reinforced,101
supervised,18,0.13217136106176974,0.9799554565701559,0.9644444444444444,8.504522076322733,0.5433388115653973,reinforced,101
supervised,19,0.12649423172693133,0.9799554565701559,0.9711111111111111,8.448716140452966,0.523413025893209,reinforced,101
supervised,20,0.12747164648102413,0.9814402375649591,0.9622222222222222,8.397442188057498,0.5384698460556641,reinforced,101
supervised,21,0.1195947568087783,0.9821826280623608,0.9711111111111111,8.34165165913337,0.5363290101002558,reinforced,101
supervised,22,0.11896752606853599,0.9829250185597624,0.9711111111111111,8.290757927257111,0.5198597711129183,reinforced,101
supervised,23,0.11412575865962066,0.9829250185597624,0.9711111111111111,8.236616859096596,0.5288957033294854,reinforced,101
supervised,24,0.15166277460335104,0.9814402375649591,0.9666666666666667,8.174127473547852,0.5090523944676107,reinforced,101
retention,0,,0.9814402375649591,0.9666666666666667,8.174127473547852,0.5090523944676107,reinforced,101
retention,1,,0.9814402375649591,0.9666666666666667,8.154984337508402,0.5090523944676107,reinforced,101
retention,5,,0.9814402375649591,0.9666666666666667,8.111096892653702,0.5090523944676107,reinforced,101
retention,10,,0.9814402375649591,0.9666666666666667,8.036795266129648,0.5090523944676107,reinforced,101
retention,30,,0.9814402375649591,0.9666666666666667,7.843047486460756,0.5090523944676107,reinforced,101
task_a,1,1.998031462079689,0.7837037037037037,0.7831858407079646,8.987827084249375,0.3359728987610631,reinforced,101
task_a,2,0.6451250207229362,0.9274074074074075,0.8982300884955752,8.997773364702839,0.4416430211928818,reinforced,101
task_a,3,0.3384203224390005,0.9614814814814815,0.9469026548672567,8.996407718069326,0.502780359337962,reinforced,101
task_a,4,0.2270377491374077,0.9718518518518519,0.9734513274336283,8.981289007206431,0.5078916208098649,reinforced,101
task_a,5,0.16855607531583214,0.9762962962962963,0.9867256637168141,8.954867389155769,0.49707910306870695,reinforced,101
task_a,6,0.13937020933114472,0.9837037037037037,0.9823008849557522,8.920877216497828,0.5034151042098151,reinforced,101
task_a,7,0.11351400038388876,0.9881481481481481,0.9867256637168141,8.882383347469203,0.48418365767505295,reinforced,101
task_a,8,0.09797869879541206,0.9925925925925926,0.9867256637168141,8.83795254962479,0.4787719610285516,reinforced,101
task_a,9,0.08731734217479324,0.9925925925925926,0.9867256637168141,8.791961662993126,0.48497159417486757,reinforced,101
task_a,10,0.07656603864701127,0.9940740740740741,0.9867256637168141,8.743792926076418,0.4755583194357143,reinforced,101
task_a,11,0.07002990772433602,0.9940740740740741,0.9867256637168141,8.69369917955413,0.4684778274864259,reinforced,101
task_a,12,0.06384947688659351,0.9955555555555555,0.9867256637168141,8.641017771307993,0.4698969372621494,reinforced,101
task_a,13,0.061972420071931086,0.9955555555555555,0.9867256637168141,8.588688677058418,0.4647298030914843,reinforced,101
task_a,14,0.05450688347016037,0.9955555555555555,0.9867256637168141,8.534770463058699,0.4597804687866198,reinforced,101
task_a,15,0.05080955801146008,0.9955555555555555,0.9911504424778761,8.478913746860751,0.4640942848955173,reinforced,101
task_a,16,0.04854598538455583,0.9955555555555555,0.9911504424778761,8.422216521322762,0.4620165129906135,reinforced,101
task_b,1,2.727694671713098,0.6116071428571429,0.5580357142857143,8.172232656715352,0.529667254326327,reinforced,101
task_b,2,0.9275785472204494,0.9017857142857143,0.90625,8.234804973165204,0.5389765499497402,reinforced,101
task_b,3,0.4846956219357271,0.9360119047619048,0.9375,8.286209653644246,0.5495084653729387,reinforced,101
task_b,4,0.33038319782538955,0.9553571428571429,0.9375,8.308307875276327,0.548436768006151,reinforced,101
task_b,5,0.25314406955133867,0.9627976190476191,0.9375,8.310268729757432,0.5540816311782959,reinforced,101
task_b,6,0.20778387528298395,0.96875,0.9464285714285714,8.302562832443071,0.5582912230560864,reinforced,101
task_b,7,0.18052072085680318,0.9702380952380952,0.9464285714285714,8.286383244922453,0.541125708774915,reinforced,101
task_b,8,0.15826973727195368,0.9717261904761905,0.9464285714285714,8.263834193357734,0.5461016792827313,reinforced,101
task_b,9,0.1453369941351292,0.9717261904761905,0.9598214285714286,8.23740444761941,0.5580450364272311,reinforced,101
task_b,10,0.13301128448017283,0.9747023809523809,0.9642857142857143,8.20700032580368,0.5484181524283162,reinforced,101
task_b,11,0.12084115927220135,0.9747023809523809,0.9642857142857143,8.17744020201704,0.5660928846685982,reinforced,101
task_b,12,0.11433082969910159,0.9776785714285714,0.96875,8.145496558314521,0.5428140584256667,reinforced,101
task_b,13,0.10481419608311028,0.9791666666666666,0.96875,8.111945196841338,0.5499754039083962,reinforced,101
task_b,14,0.09876953720789583,0.9821428571428571,0.9776785714285714,8.077859671084573,0.5509286659368758,reinforced,101
task_b,15,0.09748290226130724,0.9821428571428571,0.9776785714285714,8.04403828124339,0.5533735531675088,reinforced,101
task_b,16,0.0896283347620334,0.9821428571428571,0.9776785714285714,8.008246142755446,0.5441446069180584,reinforced,101
